learner_id,event_date,grade,subject,activity_type,learning_style,connectivity,session_minutes,attempts,hints_used,accuracy,mastery_before,mastery_after,inactivity_days,completed,needs_remediation,origin
ELV-a6ed92940c,2026-01-09,Terminale C,Mathématiques,exercise,visuel,faible,22,2,2,0.4904,0.4565,0.5287,6,1,1,synthetic
ELV-a6ed92940c,2026-01-10,Terminale C,Physique-Chimie,course,visuel,faible,36,3,1,0.4856,0.4752,0.5752,8,1,1,synthetic
ELV-a6ed92940c,2026-01-11,Terminale C,SVT,course,visuel,faible,45,2,3,0.5113,0.504,0.5491,17,0,1,synthetic
ELV-a6ed92940c,2026-01-22,Terminale C,Mathématiques,course,visuel,faible,35,1,2,0.4222,0.3555,0.4321,10,1,1,synthetic
ELV-a6ed92940c,2026-01-24,Terminale C,Physique-Chimie,exercise,visuel,faible,32,3,2,0.4362,0.4326,0.4742,3,1,1,synthetic
ELV-a6ed92940c,2026-02-11,Terminale C,SVT,exercise,visuel,faible,37,3,1,0.65,0.5487,0.6708,34,1,1,synthetic
ELV-a6ed92940c,2026-02-05,Terminale C,Mathématiques,course,visuel,faible,46,3,3,0.3021,0.3051,0.3079,8,0,1,synthetic
ELV-a6ed92940c,2026-02-10,Terminale C,Physique-Chimie,laboratory,visuel,faible,27,2,3,0.4885,0.4436,0.5028,0,1,1,synthetic
ELV-c71853b9d0,2026-01-09,Terminale C,Physique-Chimie,exercise,auditif,bonne,39,2,1,0.6616,0.4905,0.5676,2,1,1,synthetic
ELV-c71853b9d0,2026-01-13,Terminale C,SVT,course,auditif,bonne,29,2,2,0.7736,0.6473,0.7311,4,1,0,synthetic
ELV-c71853b9d0,2026-01-15,Terminale C,Mathématiques,course,auditif,bonne,39,2,1,0.7469,0.651,0.748,6,1,0,synthetic
ELV-c71853b9d0,2026-01-18,Terminale C,Physique-Chimie,exam,auditif,bonne,33,2,3,0.6352,0.5391,0.5675,0,1,1,synthetic
ELV-c71853b9d0,2026-02-02,Terminale C,SVT,course,auditif,bonne,36,3,1,0.8323,0.6513,0.7763,0,1,0,synthetic
ELV-c71853b9d0,2026-01-29,Terminale C,Mathématiques,exercise,auditif,bonne,23,1,1,0.6924,0.5642,0.6363,5,1,0,synthetic
ELV-c71853b9d0,2026-02-13,Terminale C,Physique-Chimie,exercise,auditif,bonne,10,1,1,0.56,0.5691,0.6448,1,1,0,synthetic
ELV-c71853b9d0,2026-02-18,Terminale C,SVT,course,auditif,bonne,24,2,0,0.7923,0.7313,0.8606,1,1,0,synthetic
ELV-715ae8f7de,2026-01-05,Terminale C,SVT,course,pratique,faible,31,2,1,0.7629,0.7051,0.8103,1,1,0,synthetic
ELV-715ae8f7de,2026-01-17,Terminale C,Mathématiques,exercise,pratique,faible,44,2,2,0.5934,0.5769,0.6485,84,1,1,synthetic
ELV-715ae8f7de,2026-01-17,Terminale C,Physique-Chimie,exercise,pratique,faible,35,3,1,0.6566,0.5973,0.6817,0,1,0,synthetic
ELV-715ae8f7de,2026-01-22,Terminale C,SVT,course,pratique,faible,35,2,1,0.8569,0.7787,0.8588,17,1,1,synthetic
ELV-715ae8f7de,2026-01-19,Terminale C,Mathématiques,course,pratique,faible,23,1,1,0.7042,0.7212,0.7996,7,0,0,synthetic
ELV-715ae8f7de,2026-02-07,Terminale C,Physique-Chimie,exam,pratique,faible,32,2,2,0.7246,0.6684,0.7692,27,1,1,synthetic
ELV-715ae8f7de,2026-02-16,Terminale C,SVT,exercise,pratique,faible,18,2,2,0.6385,0.6895,0.7669,3,1,0,synthetic
ELV-715ae8f7de,2026-02-19,Terminale C,Mathématiques,exercise,pratique,faible,39,2,1,0.5839,0.6077,0.7178,21,0,1,synthetic
ELV-26c9659e1d,2026-01-06,Terminale C,Mathématiques,exercise,visuel,moyenne,43,2,2,0.518,0.4693,0.5397,4,1,1,synthetic
ELV-26c9659e1d,2026-01-09,Terminale C,Physique-Chimie,course,visuel,moyenne,31,3,2,0.4617,0.4997,0.5845,0,1,1,synthetic
ELV-26c9659e1d,2026-01-22,Terminale C,SVT,laboratory,visuel,moyenne,19,1,2,0.4028,0.3579,0.4353,6,1,1,synthetic
ELV-26c9659e1d,2026-01-29,Terminale C,Mathématiques,course,visuel,moyenne,35,2,2,0.5085,0.3912,0.4304,19,0,1,synthetic
ELV-26c9659e1d,2026-01-24,Terminale C,Physique-Chimie,course,visuel,moyenne,42,2,2,0.3168,0.3481,0.4375,1,1,1,synthetic
ELV-26c9659e1d,2026-02-04,Terminale C,SVT,exercise,visuel,moyenne,26,2,2,0.5101,0.4089,0.4518,17,1,1,synthetic
ELV-26c9659e1d,2026-02-06,Terminale C,Mathématiques,course,visuel,moyenne,26,2,3,0.3934,0.3832,0.4279,12,1,1,synthetic
ELV-26c9659e1d,2026-03-02,Terminale C,Physique-Chimie,exercise,visuel,moyenne,24,2,2,0.6275,0.5485,0.6182,17,1,1,synthetic
ELV-b0c4cca646,2026-01-07,3e,Physique-Chimie,course,visuel,bonne,21,1,2,0.5049,0.3996,0.5227,73,1,1,synthetic
ELV-b0c4cca646,2026-01-17,3e,SVT,course,visuel,bonne,47,3,1,0.5437,0.4624,0.5402,1,1,1,synthetic
ELV-b0c4cca646,2026-01-17,3e,Mathématiques,exercise,visuel,bonne,28,2,2,0.5191,0.4261,0.4556,10,1,1,synthetic
ELV-b0c4cca646,2026-01-15,3e,Physique-Chimie,laboratory,visuel,bonne,27,3,2,0.4949,0.339,0.4266,9,0,1,synthetic
ELV-b0c4cca646,2026-01-27,3e,SVT,exercise,visuel,bonne,26,3,3,0.2214,0.3101,0.3431,8,0,1,synthetic
ELV-b0c4cca646,2026-02-17,3e,Mathématiques,exam,visuel,bonne,51,3,2,0.6331,0.4786,0.6113,23,1,1,synthetic
ELV-b0c4cca646,2026-02-13,3e,Physique-Chimie,course,visuel,bonne,29,2,1,0.6662,0.5022,0.6007,2,1,0,synthetic
ELV-b0c4cca646,2026-02-23,3e,SVT,laboratory,visuel,bonne,34,1,1,0.5397,0.4937,0.5782,3,1,1,synthetic
ELV-2057ec9921,2026-01-07,3e,SVT,exam,auditif,faible,24,1,1,0.5806,0.6516,0.7269,1,1,0,synthetic
ELV-2057ec9921,2026-01-10,3e,Mathématiques,exercise,auditif,faible,27,1,0,0.7021,0.5619,0.6894,3,1,0,synthetic
ELV-2057ec9921,2026-01-21,3e,Physique-Chimie,exercise,auditif,faible,27,1,1,0.7453,0.5792,0.7045,1,1,0,synthetic
ELV-2057ec9921,2026-01-27,3e,SVT,laboratory,auditif,faible,38,3,2,0.5913,0.5338,0.6321,4,0,0,synthetic
ELV-2057ec9921,2026-01-29,3e,Mathématiques,exercise,auditif,faible,38,2,1,0.4611,0.4851,0.5941,3,0,1,synthetic
ELV-2057ec9921,2026-02-04,3e,Physique-Chimie,exercise,auditif,faible,24,3,1,0.4598,0.4914,0.5439,3,1,1,synthetic
ELV-2057ec9921,2026-02-02,3e,SVT,exercise,auditif,faible,36,3,1,0.609,0.5937,0.6399,7,1,0,synthetic
ELV-2057ec9921,2026-02-06,3e,Mathématiques,exam,auditif,faible,22,2,1,0.5934,0.5929,0.6367,6,0,0,synthetic
ELV-4ece4216ad,2026-01-07,Terminale D,Mathématiques,course,auditif,bonne,40,2,2,0.5237,0.4158,0.4892,26,0,1,synthetic
ELV-4ece4216ad,2026-01-14,Terminale D,Physique-Chimie,exam,auditif,bonne,41,4,1,0.5069,0.3111,0.3857,1,1,1,synthetic
ELV-4ece4216ad,2026-01-16,Terminale D,SVT,course,auditif,bonne,36,3,2,0.6572,0.4577,0.538,0,1,1,synthetic
ELV-4ece4216ad,2026-01-23,Terminale D,Mathématiques,laboratory,auditif,bonne,21,2,2,0.424,0.371,0.4573,8,1,1,synthetic
ELV-4ece4216ad,2026-02-03,Terminale D,Physique-Chimie,exam,auditif,bonne,40,3,2,0.4108,0.4455,0.5012,1,0,1,synthetic
ELV-4ece4216ad,2026-01-26,Terminale D,SVT,course,auditif,bonne,17,2,2,0.5683,0.4669,0.4997,11,0,1,synthetic
ELV-4ece4216ad,2026-01-29,Terminale D,Mathématiques,course,auditif,bonne,23,2,1,0.4974,0.3677,0.4271,3,1,1,synthetic
ELV-4ece4216ad,2026-01-30,Terminale D,Physique-Chimie,course,auditif,bonne,48,3,1,0.5202,0.3559,0.4133,29,1,1,synthetic
ELV-3ebcb0237d,2026-01-05,3e,Physique-Chimie,course,visuel,moyenne,20,2,2,0.5926,0.4493,0.4865,34,1,1,synthetic
ELV-3ebcb0237d,2026-01-09,3e,SVT,exam,visuel,moyenne,27,2,2,0.546,0.4915,0.507,2,1,1,synthetic
ELV-3ebcb0237d,2026-01-11,3e,Mathématiques,exercise,visuel,moyenne,35,2,2,0.4245,0.3527,0.3979,42,1,1,synthetic
ELV-3ebcb0237d,2026-02-02,3e,Physique-Chimie,course,visuel,moyenne,43,4,3,0.3887,0.3153,0.2937,4,0,1,synthetic
ELV-3ebcb0237d,2026-01-23,3e,SVT,laboratory,visuel,moyenne,50,2,1,0.6648,0.5436,0.6731,1,0,0,synthetic
ELV-3ebcb0237d,2026-02-16,3e,Mathématiques,course,visuel,moyenne,30,2,2,0.5457,0.4668,0.5443,21,1,1,synthetic
ELV-3ebcb0237d,2026-02-08,3e,Physique-Chimie,exercise,visuel,moyenne,28,2,2,0.5097,0.3978,0.4719,13,1,1,synthetic
ELV-3ebcb0237d,2026-03-05,3e,SVT,course,visuel,moyenne,37,2,2,0.5164,0.4865,0.5131,30,0,1,synthetic
ELV-a98e784332,2026-01-07,Terminale C,SVT,exam,visuel,moyenne,44,2,1,0.8321,0.7209,0.8155,5,0,0,synthetic
ELV-a98e784332,2026-01-12,Terminale C,Mathématiques,course,visuel,moyenne,30,2,2,0.6875,0.6172,0.7533,11,0,0,synthetic
ELV-a98e784332,2026-01-22,Terminale C,Physique-Chimie,exercise,visuel,moyenne,20,1,0,1.0,0.8765,1.0,11,1,0,synthetic
ELV-a98e784332,2026-01-17,Terminale C,SVT,course,visuel,moyenne,23,2,1,0.8456,0.7178,0.8357,21,1,1,synthetic
ELV-a98e784332,2026-01-21,Terminale C,Mathématiques,course,visuel,moyenne,35,2,0,0.8819,0.7624,0.8605,7,1,0,synthetic
ELV-a98e784332,2026-02-02,Terminale C,Physique-Chimie,exercise,visuel,moyenne,29,2,0,0.7709,0.6445,0.7591,12,1,0,synthetic
ELV-a98e784332,2026-02-17,Terminale C,SVT,laboratory,visuel,moyenne,28,2,1,0.5845,0.5784,0.7176,1,1,0,synthetic
ELV-a98e784332,2026-02-26,Terminale C,Mathématiques,exercise,visuel,moyenne,29,2,1,0.7937,0.7584,0.8661,31,1,1,synthetic
ELV-a61ba0f0c2,2026-01-09,3e,Mathématiques,course,visuel,moyenne,36,4,3,0.2503,0.2456,0.2721,1,0,1,synthetic
ELV-a61ba0f0c2,2026-01-08,3e,Physique-Chimie,exercise,visuel,moyenne,39,4,3,0.4114,0.3375,0.3657,12,1,1,synthetic
ELV-a61ba0f0c2,2026-01-22,3e,SVT,exercise,visuel,moyenne,40,2,3,0.3924,0.4023,0.4502,5,1,1,synthetic
ELV-a61ba0f0c2,2026-01-15,3e,Mathématiques,course,visuel,moyenne,40,4,3,0.2483,0.2699,0.3123,1,0,1,synthetic
ELV-a61ba0f0c2,2026-02-04,3e,Physique-Chimie,course,visuel,moyenne,35,4,2,0.3022,0.1708,0.1679,4,1,1,synthetic
ELV-a61ba0f0c2,2026-01-28,3e,SVT,exercise,visuel,moyenne,34,2,2,0.4195,0.3813,0.4502,4,0,1,synthetic
ELV-a61ba0f0c2,2026-02-01,3e,Mathématiques,exercise,visuel,moyenne,29,1,2,0.2772,0.2715,0.3527,24,0,1,synthetic
ELV-a61ba0f0c2,2026-01-29,3e,Physique-Chimie,exercise,visuel,moyenne,20,2,2,0.3805,0.4212,0.4565,18,1,1,synthetic
ELV-ae005ec826,2026-01-07,Terminale C,Physique-Chimie,exercise,auditif,faible,33,3,2,0.5584,0.5522,0.5925,2,0,1,synthetic
ELV-ae005ec826,2026-01-15,Terminale C,SVT,exercise,auditif,faible,34,3,2,0.3953,0.4049,0.4772,0,0,1,synthetic
ELV-ae005ec826,2026-01-15,Terminale C,Mathématiques,exercise,auditif,faible,36,2,1,0.5845,0.4791,0.5953,1,1,1,synthetic
ELV-ae005ec826,2026-01-16,Terminale C,Physique-Chimie,laboratory,auditif,faible,29,3,1,0.3575,0.4559,0.569,1,1,1,synthetic
ELV-ae005ec826,2026-02-02,Terminale C,SVT,exercise,auditif,faible,30,2,2,0.59,0.5444,0.5967,2,1,1,synthetic
ELV-ae005ec826,2026-02-04,Terminale C,Mathématiques,laboratory,auditif,faible,40,3,3,0.4327,0.3958,0.5153,3,1,1,synthetic
ELV-ae005ec826,2026-02-05,Terminale C,Physique-Chimie,exam,auditif,faible,37,2,1,0.6658,0.578,0.6856,3,1,0,synthetic
ELV-ae005ec826,2026-01-30,Terminale C,SVT,exercise,auditif,faible,22,2,2,0.4596,0.5104,0.4975,8,1,1,synthetic
ELV-ee32f99129,2026-01-07,3e,SVT,exercise,pratique,moyenne,26,2,0,0.5259,0.3866,0.5074,7,1,1,synthetic
ELV-ee32f99129,2026-01-15,3e,Mathématiques,laboratory,pratique,moyenne,20,3,2,0.5397,0.4451,0.5326,2,1,1,synthetic
ELV-ee32f99129,2026-01-23,3e,Physique-Chimie,exercise,pratique,moyenne,30,2,2,0.4769,0.388,0.4621,2,0,1,synthetic
ELV-ee32f99129,2026-01-29,3e,SVT,exam,pratique,moyenne,20,2,1,0.6759,0.5627,0.6647,13,0,0,synthetic
ELV-ee32f99129,2026-02-02,3e,Mathématiques,course,pratique,moyenne,34,4,2,0.5103,0.2901,0.333,21,1,1,synthetic
ELV-ee32f99129,2026-02-05,3e,Physique-Chimie,exercise,pratique,moyenne,39,2,1,0.7666,0.6069,0.652,20,1,1,synthetic
ELV-ee32f99129,2026-02-13,3e,SVT,course,pratique,moyenne,24,2,1,0.6386,0.5893,0.6753,1,1,0,synthetic
ELV-ee32f99129,2026-01-30,3e,Mathématiques,laboratory,pratique,moyenne,44,3,2,0.7231,0.5755,0.7327,1,0,0,synthetic
ELV-e67c4c2d04,2026-01-09,Terminale D,Mathématiques,course,visuel,bonne,21,2,1,0.6857,0.5461,0.6588,5,0,0,synthetic
ELV-e67c4c2d04,2026-01-12,Terminale D,Physique-Chimie,exam,visuel,bonne,38,2,1,0.6723,0.5764,0.6754,10,0,0,synthetic
ELV-e67c4c2d04,2026-01-13,Terminale D,SVT,exercise,visuel,bonne,38,2,1,0.7528,0.6191,0.7545,5,1,0,synthetic
ELV-e67c4c2d04,2026-01-21,Terminale D,Mathématiques,exercise,visuel,bonne,38,3,1,0.6315,0.5181,0.534,3,1,1,synthetic
ELV-e67c4c2d04,2026-02-02,Terminale D,Physique-Chimie,exercise,visuel,bonne,22,1,2,0.5423,0.5882,0.6169,7,1,1,synthetic
ELV-e67c4c2d04,2026-02-09,Terminale D,SVT,exercise,visuel,bonne,36,2,2,0.5898,0.5526,0.6303,1,1,0,synthetic
ELV-e67c4c2d04,2026-02-13,Terminale D,Mathématiques,course,visuel,bonne,32,3,2,0.5655,0.4348,0.4464,3,1,1,synthetic
ELV-e67c4c2d04,2026-02-11,Terminale D,Physique-Chimie,exercise,visuel,bonne,34,3,2,0.693,0.7341,0.8146,13,0,0,synthetic
ELV-c0e274f619,2026-01-06,Terminale C,Physique-Chimie,course,pratique,moyenne,30,2,3,0.238,0.27,0.306,9,0,1,synthetic
ELV-c0e274f619,2026-01-14,Terminale C,SVT,exercise,pratique,moyenne,46,3,2,0.4971,0.3764,0.4304,1,0,1,synthetic
ELV-c0e274f619,2026-01-20,Terminale C,Mathématiques,exercise,pratique,moyenne,35,2,3,0.3112,0.2784,0.3234,5,1,1,synthetic
ELV-c0e274f619,2026-01-21,Terminale C,Physique-Chimie,course,pratique,moyenne,30,2,1,0.3336,0.3009,0.3797,6,0,1,synthetic
ELV-c0e274f619,2026-02-09,Terminale C,SVT,exercise,pratique,moyenne,33,3,2,0.3641,0.4948,0.5262,3,1,1,synthetic
ELV-c0e274f619,2026-01-31,Terminale C,Mathématiques,course,pratique,moyenne,31,4,2,0.3437,0.2567,0.3135,14,1,1,synthetic
ELV-c0e274f619,2026-01-26,Terminale C,Physique-Chimie,course,pratique,moyenne,30,3,1,0.4131,0.3394,0.4011,2,1,1,synthetic
ELV-c0e274f619,2026-02-18,Terminale C,SVT,course,pratique,moyenne,29,2,2,0.2864,0.2455,0.3144,26,1,1,synthetic
ELV-85bc071884,2026-01-06,Terminale C,SVT,exercise,pratique,moyenne,53,5,3,0.2421,0.1435,0.1293,0,1,1,synthetic
ELV-85bc071884,2026-01-13,Terminale C,Mathématiques,exam,pratique,moyenne,32,2,3,0.3615,0.2764,0.3159,8,1,1,synthetic
ELV-85bc071884,2026-01-14,Terminale C,Physique-Chimie,exercise,pratique,moyenne,38,4,3,0.1787,0.0873,0.1618,1,1,1,synthetic
ELV-85bc071884,2026-01-18,Terminale C,SVT,course,pratique,moyenne,29,3,3,0.1447,0.2239,0.2118,3,1,1,synthetic
ELV-85bc071884,2026-01-24,Terminale C,Mathématiques,exercise,pratique,moyenne,40,3,3,0.1609,0.1545,0.1562,2,1,1,synthetic
ELV-85bc071884,2026-02-04,Terminale C,Physique-Chimie,exercise,pratique,moyenne,26,5,2,0.2166,0.2468,0.2758,1,1,1,synthetic
ELV-85bc071884,2026-01-24,Terminale C,SVT,exercise,pratique,moyenne,29,3,2,0.2663,0.1584,0.1938,1,1,1,synthetic
ELV-85bc071884,2026-01-26,Terminale C,Mathématiques,exercise,pratique,moyenne,37,4,4,0.1808,0.1281,0.1119,5,1,1,synthetic
ELV-3e86ea461e,2026-01-08,Terminale D,Mathématiques,exercise,auditif,moyenne,31,1,1,0.85,0.7762,0.9109,3,1,0,synthetic
ELV-3e86ea461e,2026-01-09,Terminale D,Physique-Chimie,course,auditif,moyenne,29,2,0,0.7261,0.6291,0.731,6,1,0,synthetic
ELV-3e86ea461e,2026-01-20,Terminale D,SVT,exercise,auditif,moyenne,29,1,1,0.8165,0.6917,0.7998,2,1,0,synthetic
ELV-3e86ea461e,2026-01-21,Terminale D,Mathématiques,laboratory,auditif,moyenne,19,1,2,0.7749,0.697,0.8276,1,1,0,synthetic
ELV-3e86ea461e,2026-02-06,Terminale D,Physique-Chimie,laboratory,auditif,moyenne,32,1,1,0.9656,0.8775,1.0,14,0,1,synthetic
ELV-3e86ea461e,2026-01-22,Terminale D,SVT,laboratory,auditif,moyenne,34,3,1,0.6055,0.6943,0.8061,6,0,0,synthetic
ELV-3e86ea461e,2026-02-12,Terminale D,Mathématiques,course,auditif,moyenne,38,1,1,0.9382,0.7819,0.9188,0,1,0,synthetic
ELV-3e86ea461e,2026-02-25,Terminale D,Physique-Chimie,exam,auditif,moyenne,46,3,1,0.8491,0.6924,0.818,17,1,1,synthetic
ELV-2206cdce1e,2026-01-08,Terminale D,Physique-Chimie,exercise,auditif,moyenne,24,3,3,0.5737,0.4352,0.5032,4,1,1,synthetic
ELV-2206cdce1e,2026-01-10,Terminale D,SVT,laboratory,auditif,moyenne,43,4,2,0.7018,0.6332,0.7437,8,0,0,synthetic
ELV-2206cdce1e,2026-01-13,Terminale D,Mathématiques,course,auditif,moyenne,37,3,1,0.605,0.485,0.5651,4,1,1,synthetic
ELV-2206cdce1e,2026-01-23,Terminale D,Physique-Chimie,course,auditif,moyenne,29,2,3,0.4018,0.4944,0.5718,1,1,1,synthetic
ELV-2206cdce1e,2026-01-20,Terminale D,SVT,exercise,auditif,moyenne,22,1,2,0.5649,0.5239,0.5675,58,1,1,synthetic
ELV-2206cdce1e,2026-02-13,Terminale D,Mathématiques,laboratory,auditif,moyenne,26,3,2,0.3606,0.381,0.4583,9,1,1,synthetic
ELV-2206cdce1e,2026-01-27,Terminale D,Physique-Chimie,laboratory,auditif,moyenne,32,1,1,0.5247,0.4732,0.5813,9,1,1,synthetic
ELV-2206cdce1e,2026-02-03,Terminale D,SVT,course,auditif,moyenne,39,1,1,0.8379,0.6397,0.7093,11,0,0,synthetic
ELV-a09cf0c81d,2026-01-05,Terminale D,SVT,exercise,pratique,bonne,26,2,1,0.6642,0.5265,0.5868,10,1,1,synthetic
ELV-a09cf0c81d,2026-01-10,Terminale D,Mathématiques,exam,pratique,bonne,27,3,2,0.5829,0.5293,0.5899,2,1,1,synthetic
ELV-a09cf0c81d,2026-01-16,Terminale D,Physique-Chimie,exercise,pratique,bonne,37,2,2,0.4794,0.4216,0.4389,14,1,1,synthetic
ELV-a09cf0c81d,2026-01-17,Terminale D,SVT,course,pratique,bonne,33,2,2,0.6713,0.5559,0.619,3,1,0,synthetic
ELV-a09cf0c81d,2026-01-29,Terminale D,Mathématiques,course,pratique,bonne,36,3,2,0.519,0.368,0.4191,22,0,1,synthetic
ELV-a09cf0c81d,2026-02-02,Terminale D,Physique-Chimie,course,pratique,bonne,29,2,1,0.5179,0.493,0.5759,2,0,1,synthetic
ELV-a09cf0c81d,2026-02-24,Terminale D,SVT,exercise,pratique,bonne,16,2,2,0.6945,0.5267,0.6037,1,1,0,synthetic
ELV-a09cf0c81d,2026-02-26,Terminale D,Mathématiques,course,pratique,bonne,42,3,2,0.6691,0.567,0.6713,0,1,0,synthetic
ELV-9ec9496b39,2026-01-06,Terminale C,Mathématiques,course,auditif,bonne,40,2,3,0.1816,0.1821,0.2002,2,0,1,synthetic
ELV-9ec9496b39,2026-01-12,Terminale C,Physique-Chimie,course,auditif,bonne,22,3,3,0.244,0.2017,0.2005,18,1,1,synthetic
ELV-9ec9496b39,2026-01-17,Terminale C,SVT,laboratory,auditif,bonne,31,4,3,0.3498,0.2184,0.3075,28,0,1,synthetic
ELV-9ec9496b39,2026-01-20,Terminale C,Mathématiques,exercise,auditif,bonne,40,5,3,0.0595,0.0,0.0,7,1,1,synthetic
ELV-9ec9496b39,2026-01-28,Terminale C,Physique-Chimie,exam,auditif,bonne,42,3,3,0.2539,0.1064,0.1282,3,1,1,synthetic
ELV-9ec9496b39,2026-01-27,Terminale C,SVT,exam,auditif,bonne,34,3,3,0.181,0.1321,0.1079,50,1,1,synthetic
ELV-9ec9496b39,2026-02-17,Terminale C,Mathématiques,exam,auditif,bonne,26,4,3,0.0301,0.0577,0.0895,16,0,1,synthetic
ELV-9ec9496b39,2026-02-24,Terminale C,Physique-Chimie,exam,auditif,bonne,30,4,3,0.193,0.1039,0.1193,15,0,1,synthetic
ELV-9d49a184e9,2026-01-07,Terminale C,Physique-Chimie,exam,auditif,moyenne,43,2,3,0.4234,0.3352,0.3181,10,1,1,synthetic
ELV-9d49a184e9,2026-01-11,Terminale C,SVT,exercise,auditif,moyenne,39,2,3,0.4109,0.3441,0.4143,19,1,1,synthetic
ELV-9d49a184e9,2026-01-20,Terminale C,Mathématiques,course,auditif,moyenne,55,4,2,0.3417,0.2013,0.2407,1,1,1,synthetic
ELV-9d49a184e9,2026-01-17,Terminale C,Physique-Chimie,exercise,auditif,moyenne,51,3,3,0.2137,0.1589,0.1508,1,0,1,synthetic
ELV-9d49a184e9,2026-01-30,Terminale C,SVT,laboratory,auditif,moyenne,23,1,3,0.4458,0.4235,0.4545,4,1,1,synthetic
ELV-9d49a184e9,2026-01-25,Terminale C,Mathématiques,laboratory,auditif,moyenne,37,3,2,0.1455,0.1304,0.1898,16,0,1,synthetic
ELV-9d49a184e9,2026-02-23,Terminale C,Physique-Chimie,laboratory,auditif,moyenne,27,3,3,0.536,0.4734,0.5755,1,1,1,synthetic
ELV-9d49a184e9,2026-02-16,Terminale C,SVT,exercise,auditif,moyenne,33,3,2,0.3027,0.1974,0.2414,12,1,1,synthetic
ELV-8c137960d5,2026-01-06,3e,SVT,course,visuel,bonne,19,2,3,0.535,0.5362,0.6145,4,1,1,synthetic
ELV-8c137960d5,2026-01-11,3e,Mathématiques,exercise,visuel,bonne,35,3,2,0.4733,0.4159,0.4682,2,0,1,synthetic
ELV-8c137960d5,2026-01-14,3e,Physique-Chimie,exercise,visuel,bonne,34,4,2,0.3942,0.3003,0.3539,2,1,1,synthetic
ELV-8c137960d5,2026-02-01,3e,SVT,course,visuel,bonne,16,1,1,0.5662,0.4518,0.5337,4,0,1,synthetic
ELV-8c137960d5,2026-01-27,3e,Mathématiques,exercise,visuel,bonne,18,1,2,0.5189,0.422,0.4666,0,1,1,synthetic
ELV-8c137960d5,2026-02-06,3e,Physique-Chimie,exam,visuel,bonne,31,3,2,0.4388,0.3225,0.4027,3,0,1,synthetic
ELV-8c137960d5,2026-02-17,3e,SVT,exercise,visuel,bonne,23,3,2,0.3167,0.2381,0.2597,0,1,1,synthetic
ELV-8c137960d5,2026-01-29,3e,Mathématiques,course,visuel,bonne,24,1,1,0.5177,0.3935,0.4427,5,0,1,synthetic
ELV-e33b65c1b4,2026-01-07,Terminale D,Mathématiques,laboratory,auditif,faible,27,3,3,0.3117,0.3443,0.43,14,1,1,synthetic
ELV-e33b65c1b4,2026-01-10,Terminale D,Physique-Chimie,exam,auditif,faible,27,3,4,0.1747,0.3093,0.3456,4,1,1,synthetic
ELV-e33b65c1b4,2026-01-20,Terminale D,SVT,exercise,auditif,faible,26,3,2,0.3874,0.317,0.356,9,1,1,synthetic
ELV-e33b65c1b4,2026-01-18,Terminale D,Mathématiques,exercise,auditif,faible,28,2,3,0.2877,0.3765,0.4,1,1,1,synthetic
ELV-e33b65c1b4,2026-02-01,Terminale D,Physique-Chimie,exercise,auditif,faible,35,2,2,0.4363,0.3504,0.4042,2,1,1,synthetic
ELV-e33b65c1b4,2026-02-05,Terminale D,SVT,exercise,auditif,faible,28,3,2,0.3944,0.3193,0.3545,8,1,1,synthetic
ELV-e33b65c1b4,2026-02-22,Terminale D,Mathématiques,course,auditif,faible,27,4,1,0.3422,0.309,0.4151,0,1,1,synthetic
ELV-e33b65c1b4,2026-02-13,Terminale D,Physique-Chimie,exam,auditif,faible,42,3,3,0.3674,0.3787,0.4005,18,1,1,synthetic
ELV-163e1c308a,2026-01-07,3e,Physique-Chimie,exercise,auditif,faible,18,2,1,0.4707,0.51,0.5438,7,1,1,synthetic
ELV-163e1c308a,2026-01-10,3e,SVT,exercise,auditif,faible,25,2,3,0.4567,0.4864,0.5499,4,1,1,synthetic
ELV-163e1c308a,2026-01-16,3e,Mathématiques,exercise,auditif,faible,29,3,1,0.6782,0.6165,0.7279,2,1,0,synthetic
ELV-163e1c308a,2026-01-30,3e,Physique-Chimie,course,auditif,faible,31,3,1,0.5588,0.5208,0.6074,3,1,0,synthetic
ELV-163e1c308a,2026-01-21,3e,SVT,exercise,auditif,faible,27,2,0,0.615,0.633,0.7063,6,1,0,synthetic
ELV-163e1c308a,2026-01-20,3e,Mathématiques,laboratory,auditif,faible,23,2,2,0.4734,0.4415,0.5341,0,1,1,synthetic
ELV-163e1c308a,2026-02-26,3e,Physique-Chimie,course,auditif,faible,27,1,0,0.5595,0.6491,0.7375,13,1,0,synthetic
ELV-163e1c308a,2026-01-28,3e,SVT,course,auditif,faible,32,2,2,0.5259,0.5577,0.6225,25,1,1,synthetic
ELV-1354152e53,2026-01-07,3e,SVT,exercise,auditif,bonne,48,1,3,0.504,0.4579,0.4866,4,1,1,synthetic
ELV-1354152e53,2026-01-09,3e,Mathématiques,course,auditif,bonne,21,2,2,0.4407,0.4446,0.484,3,1,1,synthetic
ELV-1354152e53,2026-01-20,3e,Physique-Chimie,exam,auditif,bonne,23,2,2,0.599,0.4315,0.4728,4,1,1,synthetic
ELV-1354152e53,2026-01-21,3e,SVT,exercise,auditif,bonne,28,2,1,0.7414,0.6698,0.751,4,0,0,synthetic
ELV-1354152e53,2026-02-06,3e,Mathématiques,exercise,auditif,bonne,21,3,2,0.4535,0.4652,0.5049,1,0,1,synthetic
ELV-1354152e53,2026-01-23,3e,Physique-Chimie,laboratory,auditif,bonne,38,3,2,0.7539,0.5773,0.7029,9,1,0,synthetic
ELV-1354152e53,2026-02-14,3e,SVT,course,auditif,bonne,33,3,2,0.6471,0.5548,0.6652,9,1,0,synthetic
ELV-1354152e53,2026-03-03,3e,Mathématiques,exercise,auditif,bonne,49,4,2,0.4991,0.453,0.495,13,1,1,synthetic
ELV-822a014884,2026-01-09,Terminale C,Mathématiques,exercise,auditif,faible,24,3,2,0.4461,0.5524,0.6294,3,0,1,synthetic
ELV-822a014884,2026-01-13,Terminale C,Physique-Chimie,laboratory,auditif,faible,21,1,2,0.5947,0.5898,0.6906,3,1,0,synthetic
ELV-822a014884,2026-01-19,Terminale C,SVT,laboratory,auditif,faible,28,3,2,0.5676,0.5371,0.5965,11,1,1,synthetic
ELV-822a014884,2026-01-24,Terminale C,Mathématiques,course,auditif,faible,41,3,3,0.2774,0.2949,0.353,0,1,1,synthetic
ELV-822a014884,2026-01-19,Terminale C,Physique-Chimie,course,auditif,faible,30,2,2,0.5549,0.5658,0.6496,40,1,1,synthetic
ELV-822a014884,2026-02-13,Terminale C,SVT,exercise,auditif,faible,26,1,1,0.8249,0.7279,0.8321,5,1,0,synthetic
ELV-822a014884,2026-02-05,Terminale C,Mathématiques,exercise,auditif,faible,32,1,1,0.6768,0.6515,0.763,1,1,0,synthetic
ELV-822a014884,2026-01-26,Terminale C,Physique-Chimie,course,auditif,faible,28,2,2,0.596,0.5767,0.6572,12,0,0,synthetic
ELV-b929ec028b,2026-01-06,3e,Physique-Chimie,course,pratique,faible,32,1,0,1.0,0.9741,1.0,1,1,0,synthetic
ELV-b929ec028b,2026-01-15,3e,SVT,laboratory,pratique,faible,40,1,0,0.9694,0.9464,1.0,19,1,1,synthetic
ELV-b929ec028b,2026-01-21,3e,Mathématiques,course,pratique,faible,24,1,0,0.9481,0.8496,0.9733,6,0,0,synthetic
ELV-b929ec028b,2026-01-21,3e,Physique-Chimie,laboratory,pratique,faible,22,1,2,0.7114,0.7113,0.8019,16,0,1,synthetic
ELV-b929ec028b,2026-01-17,3e,SVT,course,pratique,faible,32,1,0,0.9508,0.9152,1.0,1,1,0,synthetic
ELV-b929ec028b,2026-02-01,3e,Mathématiques,exam,pratique,faible,33,3,0,0.7129,0.7682,0.8598,19,1,1,synthetic
ELV-b929ec028b,2026-02-18,3e,Physique-Chimie,laboratory,pratique,faible,12,3,1,0.7757,0.7114,0.8602,21,1,1,synthetic
ELV-b929ec028b,2026-02-20,3e,SVT,course,pratique,faible,48,2,1,0.7698,0.8455,0.9333,3,1,0,synthetic
ELV-c72b72c40d,2026-01-05,Terminale C,SVT,laboratory,pratique,faible,30,2,1,0.6612,0.5745,0.6639,0,1,0,synthetic
ELV-c72b72c40d,2026-01-15,Terminale C,Mathématiques,exam,pratique,faible,39,3,2,0.6314,0.4682,0.5431,3,1,1,synthetic
ELV-c72b72c40d,2026-01-19,Terminale C,Physique-Chimie,laboratory,pratique,faible,28,3,2,0.5655,0.6066,0.7196,14,1,1,synthetic
ELV-c72b72c40d,2026-01-17,Terminale C,SVT,exercise,pratique,faible,29,2,1,0.6351,0.5227,0.5359,6,1,1,synthetic
ELV-c72b72c40d,2026-01-25,Terminale C,Mathématiques,exercise,pratique,faible,27,2,3,0.5589,0.4843,0.6046,2,1,0,synthetic
ELV-c72b72c40d,2026-02-09,Terminale C,Physique-Chimie,exercise,pratique,faible,33,3,1,0.4474,0.4321,0.4854,26,1,1,synthetic
ELV-c72b72c40d,2026-02-12,Terminale C,SVT,exercise,pratique,faible,32,1,2,0.771,0.7401,0.8356,15,1,1,synthetic
ELV-c72b72c40d,2026-02-19,Terminale C,Mathématiques,exercise,pratique,faible,34,2,2,0.6821,0.6088,0.662,5,0,0,synthetic
ELV-741482627b,2026-01-08,Terminale D,Mathématiques,exercise,auditif,bonne,39,3,2,0.8796,0.7207,0.8567,12,1,0,synthetic
ELV-741482627b,2026-01-10,Terminale D,Physique-Chimie,exercise,auditif,bonne,18,3,0,1.0,0.8708,1.0,27,1,1,synthetic
ELV-741482627b,2026-01-17,Terminale D,SVT,laboratory,auditif,bonne,27,1,0,1.0,0.8705,1.0,10,1,0,synthetic
ELV-741482627b,2026-01-20,Terminale D,Mathématiques,exam,auditif,bonne,30,1,0,0.8608,0.7836,0.9151,0,1,0,synthetic
ELV-741482627b,2026-02-07,Terminale D,Physique-Chimie,exam,auditif,bonne,36,1,1,0.6795,0.6631,0.7432,4,1,0,synthetic
ELV-741482627b,2026-02-18,Terminale D,SVT,course,auditif,bonne,23,3,0,1.0,0.9096,1.0,5,1,0,synthetic
ELV-741482627b,2026-02-24,Terminale D,Mathématiques,exam,auditif,bonne,38,1,0,0.9247,0.7755,0.8528,6,1,0,synthetic
ELV-741482627b,2026-02-13,Terminale D,Physique-Chimie,exercise,auditif,bonne,31,2,2,0.8007,0.7526,0.8114,11,1,0,synthetic
ELV-d376562e27,2026-01-08,3e,Physique-Chimie,exercise,visuel,moyenne,25,1,3,0.5329,0.4787,0.5699,54,1,1,synthetic
ELV-d376562e27,2026-01-08,3e,SVT,exam,visuel,moyenne,23,3,2,0.5826,0.4674,0.5222,11,1,1,synthetic
ELV-d376562e27,2026-01-22,3e,Mathématiques,course,visuel,moyenne,37,3,2,0.4997,0.4267,0.5022,3,0,1,synthetic
ELV-d376562e27,2026-01-30,3e,Physique-Chimie,course,visuel,moyenne,32,1,2,0.6341,0.5374,0.6147,2,1,0,synthetic
ELV-d376562e27,2026-02-05,3e,SVT,exercise,visuel,moyenne,25,2,2,0.4444,0.3592,0.4202,2,1,1,synthetic
ELV-d376562e27,2026-02-14,3e,Mathématiques,course,visuel,moyenne,42,3,3,0.5408,0.4407,0.5101,12,0,1,synthetic
ELV-d376562e27,2026-01-31,3e,Physique-Chimie,course,visuel,moyenne,21,3,1,0.6649,0.5885,0.6642,26,1,1,synthetic
ELV-d376562e27,2026-02-26,3e,SVT,exam,visuel,moyenne,13,3,2,0.362,0.3846,0.4251,30,0,1,synthetic
ELV-5523c8c397,2026-01-08,3e,SVT,course,visuel,bonne,27,2,2,0.6658,0.5946,0.7402,19,0,1,synthetic
ELV-5523c8c397,2026-01-15,3e,Mathématiques,laboratory,visuel,bonne,25,2,2,0.6262,0.4616,0.5527,1,0,1,synthetic
ELV-5523c8c397,2026-01-21,3e,Physique-Chimie,exercise,visuel,bonne,22,1,1,0.7053,0.5217,0.6297,8,1,0,synthetic
ELV-5523c8c397,2026-01-15,3e,SVT,course,visuel,bonne,30,1,2,0.7315,0.6192,0.7066,2,1,0,synthetic
ELV-5523c8c397,2026-02-07,3e,Mathématiques,exercise,visuel,bonne,21,3,2,0.5554,0.4732,0.515,35,1,1,synthetic
ELV-5523c8c397,2026-02-03,3e,Physique-Chimie,exercise,visuel,bonne,33,3,3,0.4749,0.4178,0.422,4,1,1,synthetic
ELV-5523c8c397,2026-02-25,3e,SVT,exercise,visuel,bonne,28,1,1,0.5822,0.5072,0.6062,1,1,0,synthetic
ELV-5523c8c397,2026-03-05,3e,Mathématiques,exercise,visuel,bonne,23,2,2,0.7233,0.5209,0.6399,23,1,1,synthetic
ELV-2480f51f44,2026-01-07,Terminale D,Mathématiques,exercise,auditif,faible,38,2,0,0.8514,0.7632,0.8896,5,0,0,synthetic
ELV-2480f51f44,2026-01-09,Terminale D,Physique-Chimie,exercise,auditif,faible,29,1,1,0.821,0.7606,0.8844,3,1,0,synthetic
ELV-2480f51f44,2026-01-12,Terminale D,SVT,course,auditif,faible,28,2,1,0.8505,0.8206,0.9261,30,1,1,synthetic
ELV-2480f51f44,2026-01-21,Terminale D,Mathématiques,course,auditif,faible,21,2,2,0.4643,0.579,0.6064,9,1,1,synthetic
ELV-2480f51f44,2026-01-22,Terminale D,Physique-Chimie,exercise,auditif,faible,46,2,1,0.7621,0.705,0.8101,0,1,0,synthetic
ELV-2480f51f44,2026-02-05,Terminale D,SVT,exercise,auditif,faible,45,1,1,0.7123,0.6875,0.8315,0,1,0,synthetic
ELV-2480f51f44,2026-02-01,Terminale D,Mathématiques,exercise,auditif,faible,30,2,2,0.741,0.7229,0.8085,14,1,1,synthetic
ELV-2480f51f44,2026-02-26,Terminale D,Physique-Chimie,exercise,auditif,faible,36,2,2,0.7693,0.77,0.8533,1,0,0,synthetic
ELV-60b54cfba3,2026-01-07,Terminale C,Physique-Chimie,exercise,visuel,bonne,14,2,1,0.5954,0.4968,0.5791,2,0,1,synthetic
ELV-60b54cfba3,2026-01-10,Terminale C,SVT,exercise,visuel,bonne,37,2,2,0.3,0.3446,0.3811,20,0,1,synthetic
ELV-60b54cfba3,2026-01-18,Terminale C,Mathématiques,exam,visuel,bonne,26,3,1,0.3626,0.2842,0.3925,1,1,1,synthetic
ELV-60b54cfba3,2026-01-28,Terminale C,Physique-Chimie,course,visuel,bonne,38,3,3,0.2781,0.2041,0.2662,15,0,1,synthetic
ELV-60b54cfba3,2026-01-26,Terminale C,SVT,exam,visuel,bonne,24,3,2,0.5409,0.3771,0.4525,12,0,1,synthetic
ELV-60b54cfba3,2026-01-31,Terminale C,Mathématiques,course,visuel,bonne,18,3,3,0.3017,0.2242,0.2315,15,0,1,synthetic
ELV-60b54cfba3,2026-02-19,Terminale C,Physique-Chimie,exercise,visuel,bonne,28,2,2,0.4322,0.3209,0.412,16,1,1,synthetic
ELV-60b54cfba3,2026-02-23,Terminale C,SVT,course,visuel,bonne,42,2,2,0.5278,0.4157,0.4797,12,1,1,synthetic
ELV-a328475845,2026-01-07,3e,SVT,laboratory,pratique,faible,32,1,0,0.9493,0.9091,1.0,31,1,1,synthetic
ELV-a328475845,2026-01-13,3e,Mathématiques,course,pratique,faible,40,3,1,0.7961,0.6718,0.7755,1,1,0,synthetic
ELV-a328475845,2026-01-11,3e,Physique-Chimie,laboratory,pratique,faible,15,3,2,0.6373,0.5538,0.6715,1,0,0,synthetic
ELV-a328475845,2026-01-26,3e,SVT,laboratory,pratique,faible,30,2,1,0.7905,0.7643,0.8991,1,1,0,synthetic
ELV-a328475845,2026-02-05,3e,Mathématiques,laboratory,pratique,faible,34,3,3,0.5544,0.5908,0.6958,28,0,1,synthetic
ELV-a328475845,2026-01-31,3e,Physique-Chimie,exam,pratique,faible,32,2,1,0.6491,0.6491,0.7127,2,1,0,synthetic
ELV-a328475845,2026-01-25,3e,SVT,course,pratique,faible,31,1,1,0.7863,0.7321,0.8379,3,0,0,synthetic
ELV-a328475845,2026-02-05,3e,Mathématiques,course,pratique,faible,37,2,1,0.7241,0.7301,0.8059,0,1,0,synthetic
ELV-b7fc71c042,2026-01-09,3e,Mathématiques,laboratory,auditif,faible,39,2,2,0.4428,0.4337,0.4899,22,1,1,synthetic
ELV-b7fc71c042,2026-01-17,3e,Physique-Chimie,exam,auditif,faible,24,3,1,0.5414,0.5858,0.6713,6,1,1,synthetic
ELV-b7fc71c042,2026-01-20,3e,SVT,exercise,auditif,faible,15,1,2,0.6037,0.65,0.7163,40,1,1,synthetic
ELV-b7fc71c042,2026-01-20,3e,Mathématiques,course,auditif,faible,33,4,0,0.6237,0.5716,0.6356,1,1,0,synthetic
ELV-b7fc71c042,2026-01-29,3e,Physique-Chimie,exam,auditif,faible,36,3,2,0.5433,0.5374,0.6189,6,1,1,synthetic
ELV-b7fc71c042,2026-02-05,3e,SVT,exam,auditif,faible,33,3,1,0.7351,0.5768,0.6623,6,1,0,synthetic
ELV-b7fc71c042,2026-01-27,3e,Mathématiques,exercise,auditif,faible,25,2,2,0.6019,0.5182,0.6037,1,1,0,synthetic
ELV-b7fc71c042,2026-01-28,3e,Physique-Chimie,exercise,auditif,faible,20,2,3,0.3897,0.4405,0.4872,13,1,1,synthetic
ELV-80f71e84cf,2026-01-09,Terminale D,Physique-Chimie,exercise,visuel,bonne,21,2,1,0.8394,0.7278,0.8309,10,1,0,synthetic
ELV-80f71e84cf,2026-01-13,Terminale D,SVT,exam,visuel,bonne,16,1,0,0.6821,0.6338,0.7613,1,1,0,synthetic
ELV-80f71e84cf,2026-01-15,Terminale D,Mathématiques,exercise,visuel,bonne,41,3,2,0.6132,0.5862,0.7241,4,0,0,synthetic
ELV-80f71e84cf,2026-01-18,Terminale D,Physique-Chimie,exam,visuel,bonne,41,1,1,0.7112,0.4963,0.6127,2,1,0,synthetic
ELV-80f71e84cf,2026-01-25,Terminale D,SVT,course,visuel,bonne,26,2,1,0.652,0.5217,0.6469,0,1,0,synthetic
ELV-80f71e84cf,2026-02-14,Terminale D,Mathématiques,exam,visuel,bonne,29,2,2,0.6924,0.5992,0.6814,6,1,0,synthetic
ELV-80f71e84cf,2026-02-08,Terminale D,Physique-Chimie,exercise,visuel,bonne,38,3,1,0.667,0.6054,0.72,4,1,0,synthetic
ELV-80f71e84cf,2026-02-24,Terminale D,SVT,exercise,visuel,bonne,13,1,0,0.8776,0.7117,0.8388,4,1,0,synthetic
ELV-87b70e4ecd,2026-01-08,Terminale C,SVT,laboratory,visuel,bonne,35,3,3,0.3667,0.3023,0.3623,7,0,1,synthetic
ELV-87b70e4ecd,2026-01-15,Terminale C,Mathématiques,laboratory,visuel,bonne,26,4,4,0.2653,0.2035,0.2118,21,1,1,synthetic
ELV-87b70e4ecd,2026-01-15,Terminale C,Physique-Chimie,course,visuel,bonne,44,2,2,0.3824,0.3226,0.3485,1,0,1,synthetic
ELV-87b70e4ecd,2026-01-26,Terminale C,SVT,laboratory,visuel,bonne,27,4,3,0.266,0.1627,0.1623,16,1,1,synthetic
ELV-87b70e4ecd,2026-01-23,Terminale C,Mathématiques,course,visuel,bonne,38,4,3,0.1805,0.2119,0.2526,26,0,1,synthetic
ELV-87b70e4ecd,2026-01-21,Terminale C,Physique-Chimie,course,visuel,bonne,31,4,1,0.4171,0.2763,0.3652,1,1,1,synthetic
ELV-87b70e4ecd,2026-02-24,Terminale C,SVT,exercise,visuel,bonne,37,3,2,0.524,0.3317,0.4023,0,1,1,synthetic
ELV-87b70e4ecd,2026-01-28,Terminale C,Mathématiques,laboratory,visuel,bonne,27,3,1,0.4337,0.3346,0.4639,7,0,1,synthetic
ELV-2bcd84d980,2026-01-05,Terminale D,Mathématiques,course,visuel,bonne,38,3,1,0.5679,0.3719,0.4732,0,0,1,synthetic
ELV-2bcd84d980,2026-01-13,Terminale D,Physique-Chimie,exercise,visuel,bonne,35,3,2,0.5777,0.4733,0.545,7,1,1,synthetic
ELV-2bcd84d980,2026-01-14,Terminale D,SVT,exercise,visuel,bonne,31,2,1,0.7989,0.633,0.7289,5,1,0,synthetic
ELV-2bcd84d980,2026-01-19,Terminale D,Mathématiques,exam,visuel,bonne,20,3,2,0.5201,0.4218,0.4945,4,1,1,synthetic
ELV-2bcd84d980,2026-01-19,Terminale D,Physique-Chimie,course,visuel,bonne,31,2,1,0.8057,0.631,0.7215,10,1,0,synthetic
ELV-2bcd84d980,2026-02-17,Terminale D,SVT,course,visuel,bonne,44,1,3,0.6016,0.5036,0.5517,4,1,1,synthetic
ELV-2bcd84d980,2026-02-18,Terminale D,Mathématiques,course,visuel,bonne,34,1,3,0.4023,0.3122,0.3485,0,0,1,synthetic
ELV-2bcd84d980,2026-02-24,Terminale D,Physique-Chimie,exam,visuel,bonne,44,3,2,0.5372,0.3545,0.3988,0,1,1,synthetic
ELV-6b46b01ebe,2026-01-07,Terminale D,Physique-Chimie,course,auditif,bonne,15,1,1,0.7819,0.7069,0.8018,18,1,1,synthetic
ELV-6b46b01ebe,2026-01-10,Terminale D,SVT,course,auditif,bonne,35,2,1,0.7486,0.65,0.744,1,0,0,synthetic
ELV-6b46b01ebe,2026-01-23,Terminale D,Mathématiques,exercise,auditif,bonne,29,1,1,0.7629,0.5071,0.6396,5,1,0,synthetic
ELV-6b46b01ebe,2026-02-02,Terminale D,Physique-Chimie,exercise,auditif,bonne,30,2,2,0.6822,0.5484,0.621,4,1,0,synthetic
ELV-6b46b01ebe,2026-01-25,Terminale D,SVT,exam,auditif,bonne,38,4,0,0.7311,0.5895,0.7372,8,1,0,synthetic
ELV-6b46b01ebe,2026-01-31,Terminale D,Mathématiques,course,auditif,bonne,31,1,2,0.7792,0.6195,0.7183,8,1,0,synthetic
ELV-6b46b01ebe,2026-02-23,Terminale D,Physique-Chimie,exercise,auditif,bonne,26,1,1,0.9383,0.7077,0.7813,14,1,1,synthetic
ELV-6b46b01ebe,2026-01-29,Terminale D,SVT,exercise,auditif,bonne,29,3,1,0.6921,0.6159,0.6722,18,1,1,synthetic
ELV-3c63e03b65,2026-01-06,3e,SVT,exercise,visuel,moyenne,19,2,0,1.0,0.8297,0.9769,5,1,0,synthetic
ELV-3c63e03b65,2026-01-11,3e,Mathématiques,exercise,visuel,moyenne,31,1,0,0.7175,0.6758,0.7568,2,1,0,synthetic
ELV-3c63e03b65,2026-01-18,3e,Physique-Chimie,course,visuel,moyenne,22,1,0,0.859,0.7415,0.8482,7,1,0,synthetic
ELV-3c63e03b65,2026-01-30,3e,SVT,course,visuel,moyenne,9,2,2,0.691,0.6672,0.7301,2,1,0,synthetic
ELV-3c63e03b65,2026-02-06,3e,Mathématiques,course,visuel,moyenne,32,1,0,0.9391,0.8038,0.9739,10,1,0,synthetic
ELV-3c63e03b65,2026-02-07,3e,Physique-Chimie,exercise,visuel,moyenne,38,4,2,0.7577,0.6002,0.6783,9,1,0,synthetic
ELV-3c63e03b65,2026-02-14,3e,SVT,exercise,visuel,moyenne,23,1,1,0.9184,0.7958,0.9415,0,1,0,synthetic
ELV-3c63e03b65,2026-03-03,3e,Mathématiques,exercise,visuel,moyenne,32,2,1,0.7032,0.6273,0.7371,2,1,0,synthetic
ELV-6ec8113387,2026-01-07,3e,Mathématiques,laboratory,pratique,moyenne,21,2,1,0.7973,0.6208,0.7598,2,1,0,synthetic
ELV-6ec8113387,2026-01-14,3e,Physique-Chimie,exercise,pratique,moyenne,25,1,1,0.8326,0.598,0.724,1,1,0,synthetic
ELV-6ec8113387,2026-01-16,3e,SVT,exercise,pratique,moyenne,32,1,0,0.9874,0.7701,0.8968,0,1,0,synthetic
ELV-6ec8113387,2026-01-16,3e,Mathématiques,exercise,pratique,moyenne,25,3,1,0.7841,0.5427,0.687,1,1,0,synthetic
ELV-6ec8113387,2026-02-01,3e,Physique-Chimie,exam,pratique,moyenne,34,1,0,0.8569,0.7224,0.8515,10,1,0,synthetic
ELV-6ec8113387,2026-02-04,3e,SVT,exercise,pratique,moyenne,38,2,1,0.8541,0.7433,0.8738,0,0,0,synthetic
ELV-6ec8113387,2026-02-11,3e,Mathématiques,exercise,pratique,moyenne,25,3,1,0.7661,0.6263,0.788,7,1,0,synthetic
ELV-6ec8113387,2026-01-30,3e,Physique-Chimie,course,pratique,moyenne,25,2,0,0.7822,0.6731,0.7981,0,1,0,synthetic
ELV-4b7d503925,2026-01-08,Terminale C,Physique-Chimie,course,visuel,bonne,30,2,1,0.3938,0.3402,0.3963,7,1,1,synthetic
ELV-4b7d503925,2026-01-11,Terminale C,SVT,exercise,visuel,bonne,30,1,1,0.7101,0.5369,0.6532,1,1,0,synthetic
ELV-4b7d503925,2026-01-17,Terminale C,Mathématiques,course,visuel,bonne,26,2,1,0.6291,0.4947,0.5525,3,1,1,synthetic
ELV-4b7d503925,2026-01-20,Terminale C,Physique-Chimie,exam,visuel,bonne,34,1,1,0.7473,0.5763,0.6892,4,1,0,synthetic
ELV-4b7d503925,2026-01-21,Terminale C,SVT,exam,visuel,bonne,43,3,1,0.6448,0.4925,0.5712,0,1,1,synthetic
ELV-4b7d503925,2026-02-08,Terminale C,Mathématiques,course,visuel,bonne,33,2,2,0.5276,0.4098,0.4805,17,1,1,synthetic
ELV-4b7d503925,2026-02-14,Terminale C,Physique-Chimie,exercise,visuel,bonne,30,2,2,0.4757,0.3972,0.4666,4,0,1,synthetic
ELV-4b7d503925,2026-02-25,Terminale C,SVT,exam,visuel,bonne,36,1,1,0.885,0.6794,0.8,8,1,0,synthetic
ELV-2534b52ccb,2026-01-05,Terminale C,SVT,course,pratique,bonne,26,3,3,0.4099,0.4712,0.4683,0,1,1,synthetic
ELV-2534b52ccb,2026-01-15,Terminale C,Mathématiques,exercise,pratique,bonne,26,2,1,0.5516,0.4142,0.4849,1,1,1,synthetic
ELV-2534b52ccb,2026-01-20,Terminale C,Physique-Chimie,laboratory,pratique,bonne,31,2,1,0.6235,0.4961,0.6379,2,1,0,synthetic
ELV-2534b52ccb,2026-01-23,Terminale C,SVT,exam,pratique,bonne,24,3,0,0.6982,0.5772,0.6626,4,1,0,synthetic
ELV-2534b52ccb,2026-01-21,Terminale C,Mathématiques,exercise,pratique,bonne,26,2,3,0.4758,0.3823,0.4146,7,0,1,synthetic
ELV-2534b52ccb,2026-01-25,Terminale C,Physique-Chimie,exercise,pratique,bonne,40,2,2,0.5087,0.4164,0.4703,5,1,1,synthetic
ELV-2534b52ccb,2026-02-07,Terminale C,SVT,laboratory,pratique,bonne,23,3,1,0.5602,0.3167,0.4454,29,0,1,synthetic
ELV-2534b52ccb,2026-02-16,Terminale C,Mathématiques,exercise,pratique,bonne,37,4,3,0.5624,0.4414,0.5093,14,1,1,synthetic
ELV-225f5e3759,2026-01-07,3e,Mathématiques,exercise,auditif,faible,37,2,0,0.6854,0.5941,0.6372,7,1,0,synthetic
ELV-225f5e3759,2026-01-12,3e,Physique-Chimie,exam,auditif,faible,14,1,2,0.6297,0.6758,0.7536,14,0,1,synthetic
ELV-225f5e3759,2026-01-14,3e,SVT,course,auditif,faible,15,3,3,0.462,0.5848,0.6302,19,1,1,synthetic
ELV-225f5e3759,2026-01-15,3e,Mathématiques,course,auditif,faible,26,2,1,0.5616,0.6485,0.7305,12,1,0,synthetic
ELV-225f5e3759,2026-01-21,3e,Physique-Chimie,exercise,auditif,faible,38,2,1,0.7138,0.6873,0.8219,16,1,1,synthetic
ELV-225f5e3759,2026-02-12,3e,SVT,exam,auditif,faible,30,3,1,0.7138,0.574,0.6869,1,1,0,synthetic
ELV-225f5e3759,2026-02-26,3e,Mathématiques,exercise,auditif,faible,33,2,2,0.6863,0.5205,0.584,2,1,1,synthetic
ELV-225f5e3759,2026-02-26,3e,Physique-Chimie,exam,auditif,faible,30,2,1,0.7981,0.6789,0.7796,8,0,0,synthetic
ELV-d907255578,2026-01-07,Terminale D,Physique-Chimie,course,visuel,bonne,33,1,0,0.8373,0.7694,0.8887,8,1,0,synthetic
ELV-d907255578,2026-01-10,Terminale D,SVT,course,visuel,bonne,37,1,1,0.9471,0.7357,0.8853,3,1,0,synthetic
ELV-d907255578,2026-01-23,Terminale D,Mathématiques,exercise,visuel,bonne,33,2,0,1.0,0.8291,0.9985,1,1,0,synthetic
ELV-d907255578,2026-01-30,Terminale D,Physique-Chimie,course,visuel,bonne,32,2,2,0.7982,0.7256,0.8099,7,0,0,synthetic
ELV-d907255578,2026-01-24,Terminale D,SVT,laboratory,visuel,bonne,32,1,0,1.0,0.776,0.9305,2,1,0,synthetic
ELV-d907255578,2026-02-13,Terminale D,Mathématiques,exercise,visuel,bonne,10,1,1,0.7763,0.7316,0.8209,5,1,0,synthetic
ELV-d907255578,2026-02-06,Terminale D,Physique-Chimie,course,visuel,bonne,30,3,1,0.8593,0.7815,0.8836,7,1,0,synthetic
ELV-d907255578,2026-02-05,Terminale D,SVT,exercise,visuel,bonne,25,2,2,0.8611,0.6874,0.7806,4,1,0,synthetic
ELV-51c590bfac,2026-01-05,Terminale D,SVT,exercise,auditif,moyenne,27,2,1,0.515,0.5218,0.605,1,1,1,synthetic
ELV-51c590bfac,2026-01-15,Terminale D,Mathématiques,exam,auditif,moyenne,22,2,1,0.7139,0.624,0.7428,7,0,0,synthetic
ELV-51c590bfac,2026-01-18,Terminale D,Physique-Chimie,exercise,auditif,moyenne,28,1,2,0.604,0.5561,0.5939,6,0,1,synthetic
ELV-51c590bfac,2026-01-28,Terminale D,SVT,course,auditif,moyenne,43,4,3,0.7027,0.4508,0.5241,21,1,1,synthetic
ELV-51c590bfac,2026-01-21,Terminale D,Mathématiques,exercise,auditif,moyenne,31,2,3,0.5836,0.5227,0.6317,15,1,1,synthetic
ELV-51c590bfac,2026-02-05,Terminale D,Physique-Chimie,course,auditif,moyenne,17,3,2,0.3755,0.3422,0.3916,5,1,1,synthetic
ELV-51c590bfac,2026-02-23,Terminale D,SVT,exam,auditif,moyenne,27,1,3,0.6289,0.448,0.4858,13,1,1,synthetic
ELV-51c590bfac,2026-01-27,Terminale D,Mathématiques,exam,auditif,moyenne,42,3,1,0.5735,0.5121,0.5953,3,1,1,synthetic
ELV-2fd6d15b0c,2026-01-09,Terminale D,Mathématiques,exercise,pratique,faible,28,4,1,0.4918,0.531,0.6469,29,1,1,synthetic
ELV-2fd6d15b0c,2026-01-10,Terminale D,Physique-Chimie,exercise,pratique,faible,16,2,2,0.3291,0.5215,0.5715,14,1,1,synthetic
ELV-2fd6d15b0c,2026-01-22,Terminale D,SVT,exercise,pratique,faible,36,2,1,0.4659,0.5499,0.6305,7,1,1,synthetic
ELV-2fd6d15b0c,2026-01-29,Terminale D,Mathématiques,exam,pratique,faible,31,3,3,0.3716,0.4911,0.5003,1,1,1,synthetic
ELV-2fd6d15b0c,2026-02-08,Terminale D,Physique-Chimie,exercise,pratique,faible,22,2,1,0.5997,0.5258,0.6245,0,1,0,synthetic
ELV-2fd6d15b0c,2026-02-13,Terminale D,SVT,exercise,pratique,faible,34,4,2,0.571,0.4459,0.5237,21,1,1,synthetic
ELV-2fd6d15b0c,2026-02-11,Terminale D,Mathématiques,course,pratique,faible,32,4,2,0.4426,0.4426,0.4764,0,0,1,synthetic
ELV-2fd6d15b0c,2026-03-04,Terminale D,Physique-Chimie,exercise,pratique,faible,40,3,2,0.4744,0.4117,0.4824,39,1,1,synthetic
ELV-84c6019e7f,2026-01-07,Terminale C,Physique-Chimie,exercise,pratique,moyenne,35,2,2,0.8217,0.5891,0.6956,15,1,1,synthetic
ELV-84c6019e7f,2026-01-08,Terminale C,SVT,course,pratique,moyenne,33,2,2,0.6912,0.6191,0.681,9,1,0,synthetic
ELV-84c6019e7f,2026-01-17,Terminale C,Mathématiques,exercise,pratique,moyenne,25,1,0,0.844,0.6833,0.8518,35,1,1,synthetic
ELV-84c6019e7f,2026-01-29,Terminale C,Physique-Chimie,laboratory,pratique,moyenne,34,1,1,0.9272,0.8534,0.9985,0,1,0,synthetic
ELV-84c6019e7f,2026-01-29,Terminale C,SVT,course,pratique,moyenne,15,1,1,0.9835,0.9382,1.0,0,1,0,synthetic
ELV-84c6019e7f,2026-02-11,Terminale C,Mathématiques,course,pratique,moyenne,34,3,0,0.8195,0.6921,0.8269,0,1,0,synthetic
ELV-84c6019e7f,2026-02-26,Terminale C,Physique-Chimie,exercise,pratique,moyenne,22,2,0,0.7619,0.6507,0.7453,4,1,0,synthetic
ELV-84c6019e7f,2026-02-17,Terminale C,SVT,course,pratique,moyenne,30,1,1,0.9493,0.7708,0.9021,0,1,0,synthetic
ELV-88fa7f2fa5,2026-01-06,Terminale C,SVT,exercise,pratique,moyenne,12,3,1,0.4855,0.3948,0.4588,3,1,1,synthetic
ELV-88fa7f2fa5,2026-01-10,Terminale C,Mathématiques,course,pratique,moyenne,20,2,2,0.5401,0.4607,0.4895,44,1,1,synthetic
ELV-88fa7f2fa5,2026-01-24,Terminale C,Physique-Chimie,course,pratique,moyenne,20,2,2,0.7134,0.5408,0.5943,3,0,1,synthetic
ELV-88fa7f2fa5,2026-01-29,Terminale C,SVT,course,pratique,moyenne,27,2,3,0.3197,0.3049,0.3438,9,1,1,synthetic
ELV-88fa7f2fa5,2026-02-07,Terminale C,Mathématiques,course,pratique,moyenne,43,2,1,0.5751,0.4595,0.5903,0,1,1,synthetic
ELV-88fa7f2fa5,2026-01-26,Terminale C,Physique-Chimie,exercise,pratique,moyenne,38,2,2,0.4299,0.3408,0.4391,5,1,1,synthetic
ELV-88fa7f2fa5,2026-02-24,Terminale C,SVT,exercise,pratique,moyenne,21,1,1,0.4935,0.3825,0.4867,4,0,1,synthetic
ELV-88fa7f2fa5,2026-01-27,Terminale C,Mathématiques,exercise,pratique,moyenne,17,1,2,0.5255,0.5078,0.5778,7,0,1,synthetic
ELV-31925b9d4b,2026-01-08,Terminale D,Mathématiques,exam,visuel,bonne,35,2,2,0.7705,0.6159,0.7252,14,1,1,synthetic
ELV-31925b9d4b,2026-01-13,Terminale D,Physique-Chimie,laboratory,visuel,bonne,33,2,2,0.651,0.5511,0.661,9,1,0,synthetic
ELV-31925b9d4b,2026-01-13,Terminale D,SVT,course,visuel,bonne,25,2,0,0.7678,0.5746,0.6576,6,1,0,synthetic
ELV-31925b9d4b,2026-01-23,Terminale D,Mathématiques,laboratory,visuel,bonne,33,2,2,0.709,0.5738,0.6835,8,1,0,synthetic
ELV-31925b9d4b,2026-02-02,Terminale D,Physique-Chimie,laboratory,visuel,bonne,25,2,2,0.6319,0.5615,0.6341,13,1,0,synthetic
ELV-31925b9d4b,2026-02-05,Terminale D,SVT,course,visuel,bonne,33,1,3,0.5368,0.4513,0.5521,9,0,1,synthetic
ELV-31925b9d4b,2026-02-20,Terminale D,Mathématiques,course,visuel,bonne,21,3,1,0.6308,0.4253,0.5387,20,0,1,synthetic
ELV-31925b9d4b,2026-01-26,Terminale D,Physique-Chimie,exercise,visuel,bonne,25,1,2,0.6233,0.4354,0.5102,2,1,1,synthetic
ELV-c156b6cc75,2026-01-07,Terminale D,Physique-Chimie,course,pratique,bonne,28,2,1,0.6143,0.4609,0.5703,7,0,1,synthetic
ELV-c156b6cc75,2026-01-12,Terminale D,SVT,exam,pratique,bonne,27,2,2,0.4903,0.4381,0.5348,3,1,1,synthetic
ELV-c156b6cc75,2026-01-13,Terminale D,Mathématiques,exercise,pratique,bonne,45,2,2,0.4886,0.4093,0.4735,1,0,1,synthetic
ELV-c156b6cc75,2026-01-19,Terminale D,Physique-Chimie,course,pratique,bonne,33,2,2,0.5298,0.4216,0.5182,11,1,1,synthetic
ELV-c156b6cc75,2026-01-28,Terminale D,SVT,exercise,pratique,bonne,28,3,2,0.6255,0.4321,0.4908,15,1,1,synthetic
ELV-c156b6cc75,2026-02-13,Terminale D,Mathématiques,laboratory,pratique,bonne,43,4,3,0.4525,0.3949,0.4334,9,1,1,synthetic
ELV-c156b6cc75,2026-02-18,Terminale D,Physique-Chimie,exercise,pratique,bonne,20,1,3,0.4191,0.4634,0.511,1,1,1,synthetic
ELV-c156b6cc75,2026-02-26,Terminale D,SVT,exam,pratique,bonne,24,1,1,0.551,0.3806,0.4439,5,1,1,synthetic
ELV-555614e4e1,2026-01-05,Terminale C,SVT,exercise,visuel,moyenne,43,3,2,0.4088,0.3527,0.4047,2,1,1,synthetic
ELV-555614e4e1,2026-01-13,Terminale C,Mathématiques,exam,visuel,moyenne,33,5,2,0.307,0.2172,0.2855,33,0,1,synthetic
ELV-555614e4e1,2026-01-11,Terminale C,Physique-Chimie,laboratory,visuel,moyenne,24,3,2,0.3732,0.2767,0.3627,2,1,1,synthetic
ELV-555614e4e1,2026-01-20,Terminale C,SVT,exercise,visuel,moyenne,28,3,2,0.4409,0.3566,0.4062,12,1,1,synthetic
ELV-555614e4e1,2026-01-27,Terminale C,Mathématiques,course,visuel,moyenne,36,2,3,0.3704,0.2557,0.3197,4,1,1,synthetic
ELV-555614e4e1,2026-02-09,Terminale C,Physique-Chimie,exam,visuel,moyenne,32,3,2,0.5064,0.3523,0.4405,26,1,1,synthetic
ELV-555614e4e1,2026-02-12,Terminale C,SVT,exam,visuel,moyenne,30,2,2,0.57,0.3974,0.512,3,1,1,synthetic
ELV-555614e4e1,2026-02-03,Terminale C,Mathématiques,exercise,visuel,moyenne,38,2,3,0.435,0.3875,0.4326,2,0,1,synthetic
ELV-4e48c2ea10,2026-01-08,Terminale D,Mathématiques,exercise,auditif,bonne,29,2,0,1.0,0.881,0.9706,0,1,0,synthetic
ELV-4e48c2ea10,2026-01-09,Terminale D,Physique-Chimie,exercise,auditif,bonne,30,2,0,0.8601,0.7093,0.8217,3,1,0,synthetic
ELV-4e48c2ea10,2026-01-15,Terminale D,SVT,course,auditif,bonne,36,1,0,1.0,0.9278,1.0,0,1,0,synthetic
ELV-4e48c2ea10,2026-01-22,Terminale D,Mathématiques,laboratory,auditif,bonne,29,1,2,1.0,0.9297,1.0,0,1,0,synthetic
ELV-4e48c2ea10,2026-01-18,Terminale D,Physique-Chimie,laboratory,auditif,bonne,25,1,1,0.8233,0.7598,0.8659,1,1,0,synthetic
ELV-4e48c2ea10,2026-02-16,Terminale D,SVT,exercise,auditif,bonne,17,1,0,0.9276,0.753,0.8995,9,0,0,synthetic
ELV-4e48c2ea10,2026-01-27,Terminale D,Mathématiques,exercise,auditif,bonne,11,1,1,0.9115,0.798,0.9151,4,1,0,synthetic
ELV-4e48c2ea10,2026-01-30,Terminale D,Physique-Chimie,exercise,auditif,bonne,17,2,0,0.9884,0.8654,1.0,9,1,0,synthetic
ELV-fb179d7b54,2026-01-07,3e,Physique-Chimie,exam,auditif,moyenne,27,2,2,0.4206,0.4072,0.4336,13,1,1,synthetic
ELV-fb179d7b54,2026-01-10,3e,SVT,course,auditif,moyenne,36,1,2,0.4844,0.4602,0.497,25,0,1,synthetic
ELV-fb179d7b54,2026-01-22,3e,Mathématiques,exercise,auditif,moyenne,36,3,2,0.4771,0.4894,0.5464,6,1,1,synthetic
ELV-fb179d7b54,2026-01-21,3e,Physique-Chimie,exercise,auditif,moyenne,37,2,2,0.4762,0.3481,0.3685,11,1,1,synthetic
ELV-fb179d7b54,2026-02-02,3e,SVT,exercise,auditif,moyenne,30,3,1,0.4763,0.4743,0.6202,0,1,1,synthetic
ELV-fb179d7b54,2026-02-06,3e,Mathématiques,course,auditif,moyenne,33,3,3,0.1887,0.2253,0.2343,3,1,1,synthetic
ELV-fb179d7b54,2026-01-24,3e,Physique-Chimie,laboratory,auditif,moyenne,35,3,3,0.5448,0.4111,0.5201,8,1,1,synthetic
ELV-fb179d7b54,2026-02-16,3e,SVT,exercise,auditif,moyenne,40,3,3,0.5316,0.4482,0.5243,4,1,1,synthetic
ELV-fea5e729f9,2026-01-09,Terminale D,SVT,laboratory,auditif,faible,22,1,2,0.7085,0.653,0.7528,3,0,0,synthetic
ELV-fea5e729f9,2026-01-17,Terminale D,Mathématiques,exercise,auditif,faible,32,2,1,0.7979,0.6474,0.7659,2,1,0,synthetic
ELV-fea5e729f9,2026-01-16,Terminale D,Physique-Chimie,exercise,auditif,faible,29,2,1,0.5653,0.6029,0.7087,18,1,1,synthetic
ELV-fea5e729f9,2026-01-22,Terminale D,SVT,exercise,auditif,faible,23,1,2,0.5753,0.5258,0.5417,5,1,1,synthetic
ELV-fea5e729f9,2026-01-29,Terminale D,Mathématiques,exam,auditif,faible,26,2,2,0.572,0.5896,0.6775,3,1,0,synthetic
ELV-fea5e729f9,2026-01-28,Terminale D,Physique-Chimie,laboratory,auditif,faible,16,4,1,0.5449,0.5736,0.6882,3,1,1,synthetic
ELV-fea5e729f9,2026-02-08,Terminale D,SVT,exercise,auditif,faible,18,1,2,0.8266,0.7588,0.936,12,0,0,synthetic
ELV-fea5e729f9,2026-02-20,Terminale D,Mathématiques,exam,auditif,faible,33,2,2,0.5214,0.4804,0.5384,0,1,1,synthetic
ELV-4065b2bfe4,2026-01-06,Terminale D,Mathématiques,exercise,auditif,faible,22,2,1,0.4888,0.433,0.4557,4,1,1,synthetic
ELV-4065b2bfe4,2026-01-15,Terminale D,Physique-Chimie,course,auditif,faible,40,2,2,0.3358,0.3359,0.4127,15,0,1,synthetic
ELV-4065b2bfe4,2026-01-15,Terminale D,SVT,laboratory,auditif,faible,17,3,2,0.5081,0.5256,0.6324,6,1,1,synthetic
ELV-4065b2bfe4,2026-01-31,Terminale D,Mathématiques,course,auditif,faible,45,3,2,0.5186,0.4085,0.5006,16,0,1,synthetic
ELV-4065b2bfe4,2026-02-03,Terminale D,Physique-Chimie,course,auditif,faible,26,3,4,0.369,0.4364,0.4515,32,0,1,synthetic
ELV-4065b2bfe4,2026-02-12,Terminale D,SVT,exam,auditif,faible,19,2,1,0.5229,0.4788,0.4867,5,1,1,synthetic
ELV-4065b2bfe4,2026-01-25,Terminale D,Mathématiques,laboratory,auditif,faible,34,4,3,0.2957,0.3528,0.4341,8,1,1,synthetic
ELV-4065b2bfe4,2026-01-28,Terminale D,Physique-Chimie,exercise,auditif,faible,42,3,3,0.4393,0.3661,0.4111,2,1,1,synthetic
ELV-3421f1d1ae,2026-01-06,3e,Physique-Chimie,exercise,pratique,faible,36,2,1,0.6458,0.5528,0.6578,10,1,0,synthetic
ELV-3421f1d1ae,2026-01-11,3e,SVT,course,pratique,faible,37,3,2,0.6691,0.6321,0.6667,2,1,0,synthetic
ELV-3421f1d1ae,2026-01-18,3e,Mathématiques,exercise,pratique,faible,30,2,2,0.5329,0.5276,0.5899,27,0,1,synthetic
ELV-3421f1d1ae,2026-01-15,3e,Physique-Chimie,course,pratique,faible,22,2,2,0.4685,0.5351,0.5464,11,1,1,synthetic
ELV-3421f1d1ae,2026-01-22,3e,SVT,exercise,pratique,faible,37,2,1,0.6184,0.6348,0.7034,4,1,0,synthetic
ELV-3421f1d1ae,2026-02-14,3e,Mathématiques,exercise,pratique,faible,40,1,1,0.5105,0.5795,0.6731,3,1,1,synthetic
ELV-3421f1d1ae,2026-01-29,3e,Physique-Chimie,exercise,pratique,faible,25,2,2,0.6406,0.5635,0.6782,0,1,0,synthetic
ELV-3421f1d1ae,2026-01-28,3e,SVT,exam,pratique,faible,20,2,2,0.5025,0.5749,0.6202,21,0,1,synthetic
ELV-de1e576e57,2026-01-06,Terminale C,SVT,course,pratique,moyenne,30,3,0,0.6361,0.5721,0.7042,9,1,0,synthetic
ELV-de1e576e57,2026-01-12,Terminale C,Mathématiques,course,pratique,moyenne,17,1,1,0.6355,0.6192,0.6951,38,1,1,synthetic
ELV-de1e576e57,2026-01-16,Terminale C,Physique-Chimie,course,pratique,moyenne,21,3,2,0.7412,0.6742,0.7354,8,1,0,synthetic
ELV-de1e576e57,2026-01-29,Terminale C,SVT,course,pratique,moyenne,25,1,1,0.6162,0.4836,0.5802,2,1,1,synthetic
ELV-de1e576e57,2026-02-03,Terminale C,Mathématiques,course,pratique,moyenne,19,2,2,0.5798,0.4767,0.5575,0,0,1,synthetic
ELV-de1e576e57,2026-02-10,Terminale C,Physique-Chimie,course,pratique,moyenne,26,2,2,0.6533,0.5596,0.6786,3,1,0,synthetic
ELV-de1e576e57,2026-02-22,Terminale C,SVT,exercise,pratique,moyenne,33,2,2,0.7351,0.5303,0.6073,7,1,0,synthetic
ELV-de1e576e57,2026-03-04,Terminale C,Mathématiques,exercise,pratique,moyenne,20,1,2,0.7323,0.6405,0.7664,2,1,0,synthetic
ELV-8dd8aa3de3,2026-01-06,3e,Mathématiques,exercise,visuel,moyenne,40,2,3,0.5872,0.5629,0.6293,3,1,0,synthetic
ELV-8dd8aa3de3,2026-01-08,3e,Physique-Chimie,exercise,visuel,moyenne,41,3,2,0.5824,0.5226,0.6454,8,0,0,synthetic
ELV-8dd8aa3de3,2026-01-21,3e,SVT,exam,visuel,moyenne,18,2,1,0.7701,0.7408,0.8728,12,1,0,synthetic
ELV-8dd8aa3de3,2026-01-19,3e,Mathématiques,exercise,visuel,moyenne,32,2,2,0.5197,0.5135,0.5581,9,1,1,synthetic
ELV-8dd8aa3de3,2026-02-02,3e,Physique-Chimie,course,visuel,moyenne,37,2,1,0.6643,0.6328,0.7145,2,1,0,synthetic
ELV-8dd8aa3de3,2026-01-27,3e,SVT,course,visuel,moyenne,12,2,2,0.7084,0.6399,0.77,17,0,1,synthetic
ELV-8dd8aa3de3,2026-02-20,3e,Mathématiques,exam,visuel,moyenne,27,4,1,0.7622,0.6062,0.6922,6,1,0,synthetic
ELV-8dd8aa3de3,2026-02-16,3e,Physique-Chimie,exam,visuel,moyenne,36,2,1,0.7761,0.653,0.7263,14,0,1,synthetic
ELV-60b0ec14a3,2026-01-05,Terminale D,Physique-Chimie,course,auditif,bonne,31,3,2,0.2719,0.2175,0.2277,25,0,1,synthetic
ELV-60b0ec14a3,2026-01-16,Terminale D,SVT,exercise,auditif,bonne,39,2,2,0.4939,0.3908,0.4816,0,1,1,synthetic
ELV-60b0ec14a3,2026-01-12,Terminale D,Mathématiques,exam,auditif,bonne,43,2,3,0.584,0.3811,0.4496,18,0,1,synthetic
ELV-60b0ec14a3,2026-01-23,Terminale D,Physique-Chimie,course,auditif,bonne,28,4,3,0.2424,0.2312,0.269,0,1,1,synthetic
ELV-60b0ec14a3,2026-02-03,Terminale D,SVT,exam,auditif,bonne,37,2,1,0.6032,0.3845,0.4723,8,1,1,synthetic
ELV-60b0ec14a3,2026-01-24,Terminale D,Mathématiques,exam,auditif,bonne,43,3,3,0.2696,0.1734,0.2185,0,0,1,synthetic
ELV-60b0ec14a3,2026-02-26,Terminale D,Physique-Chimie,exam,auditif,bonne,32,2,3,0.3803,0.2529,0.276,0,1,1,synthetic
ELV-60b0ec14a3,2026-02-23,Terminale D,SVT,laboratory,auditif,bonne,36,5,3,0.0838,0.1664,0.2275,2,1,1,synthetic
ELV-e3c7c8e934,2026-01-05,3e,SVT,exam,visuel,bonne,31,2,2,0.6516,0.5239,0.6221,7,0,0,synthetic
ELV-e3c7c8e934,2026-01-15,3e,Mathématiques,course,visuel,bonne,39,2,0,0.7869,0.5964,0.7096,3,1,0,synthetic
ELV-e3c7c8e934,2026-01-23,3e,Physique-Chimie,exercise,visuel,bonne,31,4,2,0.5269,0.4739,0.5264,0,0,1,synthetic
ELV-e3c7c8e934,2026-01-24,3e,SVT,course,visuel,bonne,28,1,2,0.7088,0.6177,0.6868,6,1,0,synthetic
ELV-e3c7c8e934,2026-02-03,3e,Mathématiques,exam,visuel,bonne,35,1,1,0.8005,0.5711,0.6439,8,1,0,synthetic
ELV-e3c7c8e934,2026-02-11,3e,Physique-Chimie,exercise,visuel,bonne,26,3,2,0.6004,0.5411,0.6241,12,0,0,synthetic
ELV-e3c7c8e934,2026-01-31,3e,SVT,exam,visuel,bonne,46,1,1,0.7879,0.6245,0.7327,3,1,0,synthetic
ELV-e3c7c8e934,2026-02-10,3e,Mathématiques,laboratory,visuel,bonne,35,3,1,0.7109,0.5921,0.7322,7,1,0,synthetic
ELV-0d5275f20d,2026-01-07,Terminale D,Mathématiques,exercise,auditif,faible,14,2,1,0.5868,0.517,0.6186,4,1,0,synthetic
ELV-0d5275f20d,2026-01-16,Terminale D,Physique-Chimie,exercise,auditif,faible,32,2,1,0.4386,0.4351,0.5034,0,0,1,synthetic
ELV-0d5275f20d,2026-01-18,Terminale D,SVT,laboratory,auditif,faible,44,2,2,0.5085,0.4996,0.5753,1,1,1,synthetic
ELV-0d5275f20d,2026-01-25,Terminale D,Mathématiques,course,auditif,faible,34,2,2,0.5345,0.4967,0.5419,12,1,1,synthetic
ELV-0d5275f20d,2026-01-28,Terminale D,Physique-Chimie,exercise,auditif,faible,31,2,2,0.376,0.4597,0.5503,6,1,1,synthetic
ELV-0d5275f20d,2026-01-31,Terminale D,SVT,exercise,auditif,faible,35,2,1,0.447,0.3799,0.4647,4,0,1,synthetic
ELV-0d5275f20d,2026-02-17,Terminale D,Mathématiques,exercise,auditif,faible,20,2,2,0.5374,0.4766,0.6108,7,1,1,synthetic
ELV-0d5275f20d,2026-03-04,Terminale D,Physique-Chimie,course,auditif,faible,32,1,3,0.2763,0.4133,0.458,2,1,1,synthetic
ELV-bbc8ec9ac7,2026-01-05,3e,Physique-Chimie,exercise,auditif,moyenne,16,2,2,0.6626,0.6126,0.6856,0,1,0,synthetic
ELV-bbc8ec9ac7,2026-01-16,3e,SVT,course,auditif,moyenne,22,1,2,0.8675,0.809,0.8692,12,1,0,synthetic
ELV-bbc8ec9ac7,2026-01-19,3e,Mathématiques,laboratory,auditif,moyenne,30,1,0,0.7851,0.7229,0.9284,6,1,0,synthetic
ELV-bbc8ec9ac7,2026-01-31,3e,Physique-Chimie,course,auditif,moyenne,21,2,1,0.7425,0.707,0.8011,7,1,0,synthetic
ELV-bbc8ec9ac7,2026-01-24,3e,SVT,exercise,auditif,moyenne,22,1,2,0.9167,0.7259,0.8018,14,1,1,synthetic
ELV-bbc8ec9ac7,2026-02-18,3e,Mathématiques,course,auditif,moyenne,30,2,2,0.5766,0.5753,0.6331,9,1,0,synthetic
ELV-bbc8ec9ac7,2026-02-16,3e,Physique-Chimie,course,auditif,moyenne,34,4,3,0.5418,0.4591,0.4832,17,1,1,synthetic
ELV-bbc8ec9ac7,2026-02-03,3e,SVT,exercise,auditif,moyenne,19,1,1,0.7535,0.7203,0.8088,45,1,1,synthetic
ELV-785459e511,2026-01-05,Terminale C,SVT,exercise,pratique,faible,37,3,2,0.4386,0.4756,0.5159,2,1,1,synthetic
ELV-785459e511,2026-01-17,Terminale C,Mathématiques,exam,pratique,faible,40,4,2,0.3702,0.4163,0.4497,2,0,1,synthetic
ELV-785459e511,2026-01-18,Terminale C,Physique-Chimie,exercise,pratique,faible,35,2,1,0.6728,0.4913,0.558,0,1,1,synthetic
ELV-785459e511,2026-01-20,Terminale C,SVT,exercise,pratique,faible,27,1,2,0.5982,0.4927,0.5224,4,0,1,synthetic
ELV-785459e511,2026-01-29,Terminale C,Mathématiques,exam,pratique,faible,17,2,2,0.26,0.3981,0.436,1,1,1,synthetic
ELV-785459e511,2026-01-28,Terminale C,Physique-Chimie,laboratory,pratique,faible,31,3,2,0.5069,0.4523,0.5564,2,1,1,synthetic
ELV-785459e511,2026-01-26,Terminale C,SVT,course,pratique,faible,40,2,0,0.6805,0.4998,0.5551,0,1,1,synthetic
ELV-785459e511,2026-02-20,Terminale C,Mathématiques,exam,pratique,faible,31,1,2,0.3304,0.4581,0.5204,76,1,1,synthetic
ELV-d18485c79f,2026-01-09,Terminale C,Mathématiques,exercise,pratique,moyenne,16,2,1,0.7411,0.6269,0.6874,24,1,1,synthetic
ELV-d18485c79f,2026-01-13,Terminale C,Physique-Chimie,exam,pratique,moyenne,26,1,2,0.6913,0.6819,0.7812,18,1,1,synthetic
ELV-d18485c79f,2026-01-13,Terminale C,SVT,course,pratique,moyenne,41,1,0,0.8583,0.7564,0.9009,24,1,1,synthetic
ELV-d18485c79f,2026-01-23,Terminale C,Mathématiques,laboratory,pratique,moyenne,41,3,1,0.5154,0.4487,0.5468,16,0,1,synthetic
ELV-d18485c79f,2026-01-27,Terminale C,Physique-Chimie,exercise,pratique,moyenne,40,2,2,0.8771,0.719,0.8113,13,1,0,synthetic
ELV-d18485c79f,2026-02-10,Terminale C,SVT,laboratory,pratique,moyenne,14,1,2,0.9071,0.74,0.8951,9,1,0,synthetic
ELV-d18485c79f,2026-02-08,Terminale C,Mathématiques,exam,pratique,moyenne,40,1,1,0.8152,0.7295,0.8249,28,1,1,synthetic
ELV-d18485c79f,2026-02-09,Terminale C,Physique-Chimie,exercise,pratique,moyenne,27,2,0,0.9968,0.8523,1.0,3,0,0,synthetic
ELV-23e0fb70e6,2026-01-07,Terminale C,Physique-Chimie,exam,pratique,moyenne,27,2,1,0.7726,0.6104,0.7477,2,1,0,synthetic
ELV-23e0fb70e6,2026-01-12,Terminale C,SVT,exam,pratique,moyenne,38,4,2,0.7425,0.648,0.7398,5,1,0,synthetic
ELV-23e0fb70e6,2026-01-13,Terminale C,Mathématiques,exam,pratique,moyenne,18,3,1,0.6039,0.5313,0.642,4,1,0,synthetic
ELV-23e0fb70e6,2026-01-29,Terminale C,Physique-Chimie,exercise,pratique,moyenne,32,2,1,0.8655,0.662,0.7738,20,1,1,synthetic
ELV-23e0fb70e6,2026-01-20,Terminale C,SVT,course,pratique,moyenne,20,3,1,0.6441,0.5165,0.6096,0,1,0,synthetic
ELV-23e0fb70e6,2026-02-13,Terminale C,Mathématiques,exercise,pratique,moyenne,45,3,1,0.7689,0.6031,0.6747,5,1,0,synthetic
ELV-23e0fb70e6,2026-02-24,Terminale C,Physique-Chimie,exercise,pratique,moyenne,42,4,1,0.7031,0.5893,0.6624,2,0,0,synthetic
ELV-23e0fb70e6,2026-02-03,Terminale C,SVT,exercise,pratique,moyenne,31,2,2,0.541,0.4975,0.5197,7,1,1,synthetic
ELV-3be422c8cf,2026-01-07,3e,SVT,exercise,auditif,bonne,22,1,0,1.0,0.8424,1.0,3,1,0,synthetic
ELV-3be422c8cf,2026-01-09,3e,Mathématiques,exam,auditif,bonne,28,1,1,0.9014,0.8048,0.9751,8,1,0,synthetic
ELV-3be422c8cf,2026-01-23,3e,Physique-Chimie,exercise,auditif,bonne,30,1,0,0.8495,0.7433,0.8761,0,0,0,synthetic
ELV-3be422c8cf,2026-01-17,3e,SVT,exercise,auditif,bonne,32,2,1,1.0,0.8477,0.9784,7,1,0,synthetic
ELV-3be422c8cf,2026-02-06,3e,Mathématiques,laboratory,auditif,bonne,31,1,1,0.9008,0.749,0.8874,3,1,0,synthetic
ELV-3be422c8cf,2026-02-06,3e,Physique-Chimie,course,auditif,bonne,20,3,2,0.7596,0.6913,0.757,4,1,0,synthetic
ELV-3be422c8cf,2026-01-26,3e,SVT,course,auditif,bonne,29,3,1,0.7761,0.7458,0.8667,8,1,0,synthetic
ELV-3be422c8cf,2026-03-02,3e,Mathématiques,course,auditif,bonne,33,2,0,0.7414,0.6296,0.7173,2,1,0,synthetic
ELV-3359848614,2026-01-05,Terminale D,Mathématiques,laboratory,pratique,moyenne,23,2,1,0.4753,0.512,0.5849,2,1,1,synthetic
ELV-3359848614,2026-01-13,Terminale D,Physique-Chimie,course,pratique,moyenne,39,3,2,0.5812,0.622,0.6551,2,1,0,synthetic
ELV-3359848614,2026-01-25,Terminale D,SVT,exam,pratique,moyenne,28,2,2,0.6642,0.6431,0.6884,1,0,0,synthetic
ELV-3359848614,2026-01-22,Terminale D,Mathématiques,exercise,pratique,moyenne,32,2,2,0.6484,0.6126,0.6827,2,0,0,synthetic
ELV-3359848614,2026-01-29,Terminale D,Physique-Chimie,exercise,pratique,moyenne,41,3,0,0.8494,0.6553,0.7876,3,1,0,synthetic
ELV-3359848614,2026-02-11,Terminale D,SVT,course,pratique,moyenne,31,3,1,0.6817,0.5481,0.6392,1,0,0,synthetic
ELV-3359848614,2026-02-22,Terminale D,Mathématiques,exam,pratique,moyenne,25,3,1,0.5839,0.5852,0.6894,12,1,0,synthetic
ELV-3359848614,2026-03-06,Terminale D,Physique-Chimie,exercise,pratique,moyenne,41,1,2,0.5434,0.5762,0.6108,10,1,1,synthetic
ELV-5312027c28,2026-01-06,Terminale C,Physique-Chimie,course,pratique,faible,14,1,1,0.7306,0.7802,0.8609,8,1,0,synthetic
ELV-5312027c28,2026-01-13,Terminale C,SVT,exercise,pratique,faible,23,2,1,0.7947,0.7236,0.8353,4,1,0,synthetic
ELV-5312027c28,2026-01-15,Terminale C,Mathématiques,exercise,pratique,faible,25,2,1,0.8974,0.769,0.839,10,1,0,synthetic
ELV-5312027c28,2026-01-21,Terminale C,Physique-Chimie,course,pratique,faible,24,1,2,0.7215,0.8221,0.924,12,1,0,synthetic
ELV-5312027c28,2026-02-05,Terminale C,SVT,exercise,pratique,faible,44,2,0,0.7945,0.717,0.8276,2,1,0,synthetic
ELV-5312027c28,2026-01-23,Terminale C,Mathématiques,laboratory,pratique,faible,37,2,1,0.816,0.7937,0.9564,26,1,1,synthetic
ELV-5312027c28,2026-02-26,Terminale C,Physique-Chimie,course,pratique,faible,26,1,1,0.882,0.8408,0.9597,1,1,0,synthetic
ELV-5312027c28,2026-02-16,Terminale C,SVT,exercise,pratique,faible,33,1,3,0.6782,0.7158,0.8062,5,1,0,synthetic
ELV-4b2be6dccf,2026-01-05,Terminale D,SVT,exercise,auditif,bonne,24,1,2,0.6076,0.5354,0.6145,1,1,0,synthetic
ELV-4b2be6dccf,2026-01-09,Terminale D,Mathématiques,exercise,auditif,bonne,36,3,2,0.503,0.3652,0.4468,2,1,1,synthetic
ELV-4b2be6dccf,2026-01-12,Terminale D,Physique-Chimie,exercise,auditif,bonne,17,3,3,0.3809,0.2923,0.364,4,1,1,synthetic
ELV-4b2be6dccf,2026-01-15,Terminale D,SVT,exercise,auditif,bonne,34,1,2,0.674,0.5273,0.6017,13,1,0,synthetic
ELV-4b2be6dccf,2026-01-17,Terminale D,Mathématiques,exercise,auditif,bonne,43,2,2,0.5149,0.4591,0.5634,29,1,1,synthetic
ELV-4b2be6dccf,2026-02-04,Terminale D,Physique-Chimie,exercise,auditif,bonne,19,2,2,0.5056,0.4303,0.4855,3,1,1,synthetic
ELV-4b2be6dccf,2026-02-02,Terminale D,SVT,course,auditif,bonne,41,3,2,0.7852,0.6091,0.6938,13,1,0,synthetic
ELV-4b2be6dccf,2026-02-20,Terminale D,Mathématiques,exercise,auditif,bonne,25,2,2,0.5511,0.4196,0.48,4,1,1,synthetic
ELV-aa4ab886f8,2026-01-07,3e,Mathématiques,exam,auditif,moyenne,34,2,3,0.624,0.6287,0.6609,8,1,0,synthetic
ELV-aa4ab886f8,2026-01-09,3e,Physique-Chimie,course,auditif,moyenne,30,2,0,0.7929,0.7163,0.8344,1,1,0,synthetic
ELV-aa4ab886f8,2026-01-17,3e,SVT,exercise,auditif,moyenne,30,2,0,0.9768,0.8134,0.942,27,0,1,synthetic
ELV-aa4ab886f8,2026-01-18,3e,Mathématiques,course,auditif,moyenne,30,1,1,0.8115,0.7274,0.8343,5,1,0,synthetic
ELV-aa4ab886f8,2026-02-04,3e,Physique-Chimie,exercise,auditif,moyenne,38,1,1,0.9795,0.8097,0.9631,13,1,0,synthetic
ELV-aa4ab886f8,2026-02-06,3e,SVT,laboratory,auditif,moyenne,23,1,1,0.8649,0.7196,0.841,5,1,0,synthetic
ELV-aa4ab886f8,2026-02-25,3e,Mathématiques,course,auditif,moyenne,28,2,1,0.8804,0.8088,0.8882,10,1,0,synthetic
ELV-aa4ab886f8,2026-02-03,3e,Physique-Chimie,laboratory,auditif,moyenne,40,3,1,0.7627,0.5817,0.7457,21,0,1,synthetic
ELV-cf45aad622,2026-01-06,3e,Physique-Chimie,exercise,visuel,moyenne,28,3,2,0.5932,0.468,0.6283,9,1,0,synthetic
ELV-cf45aad622,2026-01-11,3e,SVT,course,visuel,moyenne,25,3,2,0.5168,0.3907,0.4708,13,1,1,synthetic
ELV-cf45aad622,2026-01-24,3e,Mathématiques,exam,visuel,moyenne,32,2,1,0.464,0.3993,0.4588,15,0,1,synthetic
ELV-cf45aad622,2026-01-14,3e,Physique-Chimie,exercise,visuel,moyenne,34,3,3,0.5106,0.5229,0.5664,9,1,1,synthetic
ELV-cf45aad622,2026-01-24,3e,SVT,exercise,visuel,moyenne,33,2,1,0.8254,0.6006,0.7293,4,1,0,synthetic
ELV-cf45aad622,2026-02-07,3e,Mathématiques,exercise,visuel,moyenne,26,3,2,0.4044,0.3781,0.4173,11,0,1,synthetic
ELV-cf45aad622,2026-02-13,3e,Physique-Chimie,laboratory,visuel,moyenne,48,3,2,0.5468,0.5064,0.5965,9,1,1,synthetic
ELV-cf45aad622,2026-02-20,3e,SVT,exercise,visuel,moyenne,36,3,2,0.6116,0.5942,0.6638,10,1,0,synthetic
ELV-3053816cfc,2026-01-09,3e,SVT,exercise,visuel,faible,25,3,2,0.65,0.5648,0.6328,5,1,0,synthetic
ELV-3053816cfc,2026-01-12,3e,Mathématiques,laboratory,visuel,faible,31,1,1,0.6125,0.5179,0.5856,0,0,1,synthetic
ELV-3053816cfc,2026-01-16,3e,Physique-Chimie,laboratory,visuel,faible,50,3,2,0.3552,0.3288,0.3877,0,1,1,synthetic
ELV-3053816cfc,2026-01-24,3e,SVT,exercise,visuel,faible,41,3,3,0.3439,0.3657,0.4052,8,0,1,synthetic
ELV-3053816cfc,2026-01-30,3e,Mathématiques,laboratory,visuel,faible,25,4,3,0.2734,0.3221,0.3882,1,1,1,synthetic
ELV-3053816cfc,2026-02-13,3e,Physique-Chimie,exam,visuel,faible,27,2,3,0.3305,0.4273,0.4648,3,0,1,synthetic
ELV-3053816cfc,2026-01-25,3e,SVT,exercise,visuel,faible,22,2,2,0.4434,0.4476,0.5278,5,0,1,synthetic
ELV-3053816cfc,2026-02-18,3e,Mathématiques,course,visuel,faible,43,4,2,0.3876,0.3157,0.3624,1,1,1,synthetic
ELV-b9ca0b5010,2026-01-09,Terminale C,Mathématiques,course,visuel,faible,34,3,1,0.5349,0.4781,0.5531,7,1,1,synthetic
ELV-b9ca0b5010,2026-01-11,Terminale C,Physique-Chimie,exercise,visuel,faible,28,2,2,0.4968,0.5035,0.5873,17,0,1,synthetic
ELV-b9ca0b5010,2026-01-17,Terminale C,SVT,course,visuel,faible,31,3,1,0.6796,0.4692,0.5916,2,1,1,synthetic
ELV-b9ca0b5010,2026-01-30,Terminale C,Mathématiques,exercise,visuel,faible,26,2,2,0.3895,0.4564,0.4799,21,0,1,synthetic
ELV-b9ca0b5010,2026-01-28,Terminale C,Physique-Chimie,exercise,visuel,faible,38,2,1,0.6402,0.5245,0.6263,3,1,0,synthetic
ELV-b9ca0b5010,2026-01-21,Terminale C,SVT,exercise,visuel,faible,32,2,2,0.4131,0.3974,0.4183,3,0,1,synthetic
ELV-b9ca0b5010,2026-02-13,Terminale C,Mathématiques,course,visuel,faible,25,3,1,0.5541,0.5524,0.6433,0,0,0,synthetic
ELV-b9ca0b5010,2026-02-06,Terminale C,Physique-Chimie,exercise,visuel,faible,35,3,2,0.4739,0.496,0.5675,3,1,1,synthetic
ELV-05b86e6ba3,2026-01-08,3e,Physique-Chimie,course,auditif,bonne,34,3,0,0.7226,0.5493,0.6256,13,1,0,synthetic
ELV-05b86e6ba3,2026-01-09,3e,SVT,exercise,auditif,bonne,17,2,0,0.6842,0.6578,0.7459,1,1,0,synthetic
ELV-05b86e6ba3,2026-01-13,3e,Mathématiques,exercise,auditif,bonne,28,1,1,0.579,0.4634,0.556,8,1,1,synthetic
ELV-05b86e6ba3,2026-01-30,3e,Physique-Chimie,exercise,auditif,bonne,31,1,2,0.6419,0.5706,0.6759,34,1,1,synthetic
ELV-05b86e6ba3,2026-02-09,3e,SVT,exam,auditif,bonne,20,2,2,0.6831,0.6293,0.6802,19,1,1,synthetic
ELV-05b86e6ba3,2026-02-10,3e,Mathématiques,laboratory,auditif,bonne,28,2,2,0.5213,0.3732,0.4925,7,0,1,synthetic
ELV-05b86e6ba3,2026-02-17,3e,Physique-Chimie,exercise,auditif,bonne,29,1,2,0.6155,0.5004,0.6062,1,1,0,synthetic
ELV-05b86e6ba3,2026-02-18,3e,SVT,exam,auditif,bonne,23,2,1,0.708,0.6356,0.7332,1,1,0,synthetic
ELV-c4eae6dc81,2026-01-08,Terminale C,SVT,exercise,pratique,faible,34,3,2,0.4826,0.5337,0.5848,5,1,1,synthetic
ELV-c4eae6dc81,2026-01-12,Terminale C,Mathématiques,laboratory,pratique,faible,37,2,2,0.4878,0.4732,0.5652,0,1,1,synthetic
ELV-c4eae6dc81,2026-01-21,Terminale C,Physique-Chimie,exercise,pratique,faible,28,3,2,0.4745,0.5232,0.59,4,0,1,synthetic
ELV-c4eae6dc81,2026-01-20,Terminale C,SVT,course,pratique,faible,37,3,2,0.6304,0.5354,0.603,14,1,1,synthetic
ELV-c4eae6dc81,2026-01-26,Terminale C,Mathématiques,exercise,pratique,faible,23,1,2,0.5478,0.5601,0.6732,13,1,1,synthetic
ELV-c4eae6dc81,2026-02-13,Terminale C,Physique-Chimie,exam,pratique,faible,40,2,0,0.7936,0.637,0.7869,3,1,0,synthetic
ELV-c4eae6dc81,2026-02-16,Terminale C,SVT,course,pratique,faible,41,4,0,0.5625,0.5119,0.6589,20,1,1,synthetic
ELV-c4eae6dc81,2026-03-06,Terminale C,Mathématiques,course,pratique,faible,43,2,2,0.5372,0.5283,0.5873,10,1,1,synthetic
ELV-7ae372c6ba,2026-01-05,Terminale C,Mathématiques,course,visuel,moyenne,31,3,1,0.6086,0.4591,0.5557,9,0,1,synthetic
ELV-7ae372c6ba,2026-01-14,Terminale C,Physique-Chimie,course,visuel,moyenne,39,2,2,0.5228,0.4186,0.4911,7,0,1,synthetic
ELV-7ae372c6ba,2026-01-15,Terminale C,SVT,laboratory,visuel,moyenne,41,1,2,0.6789,0.5162,0.6057,1,1,0,synthetic
ELV-7ae372c6ba,2026-01-19,Terminale C,Mathématiques,course,visuel,moyenne,22,1,2,0.5223,0.4399,0.492,12,0,1,synthetic
ELV-7ae372c6ba,2026-02-06,Terminale C,Physique-Chimie,exam,visuel,moyenne,20,3,3,0.4279,0.4625,0.5027,4,1,1,synthetic
ELV-7ae372c6ba,2026-02-06,Terminale C,SVT,exercise,visuel,moyenne,18,1,1,0.4445,0.4169,0.4553,21,1,1,synthetic
ELV-7ae372c6ba,2026-01-30,Terminale C,Mathématiques,course,visuel,moyenne,31,5,1,0.5,0.353,0.3994,27,1,1,synthetic
ELV-7ae372c6ba,2026-02-25,Terminale C,Physique-Chimie,exercise,visuel,moyenne,16,4,3,0.3062,0.3234,0.3781,30,0,1,synthetic
ELV-7343acf055,2026-01-05,Terminale D,Physique-Chimie,laboratory,auditif,faible,38,2,2,0.3491,0.3486,0.4187,3,1,1,synthetic
ELV-7343acf055,2026-01-17,Terminale D,SVT,course,auditif,faible,34,2,1,0.728,0.5994,0.6899,6,1,0,synthetic
ELV-7343acf055,2026-01-12,Terminale D,Mathématiques,course,auditif,faible,23,2,1,0.6746,0.5909,0.6625,9,1,0,synthetic
ELV-7343acf055,2026-01-23,Terminale D,Physique-Chimie,exercise,auditif,faible,25,2,2,0.4224,0.4543,0.531,6,1,1,synthetic
ELV-7343acf055,2026-02-06,Terminale D,SVT,course,auditif,faible,31,3,2,0.363,0.413,0.4325,2,0,1,synthetic
ELV-7343acf055,2026-01-26,Terminale D,Mathématiques,exercise,auditif,faible,39,4,2,0.449,0.417,0.46,3,1,1,synthetic
ELV-7343acf055,2026-02-04,Terminale D,Physique-Chimie,exercise,auditif,faible,27,4,2,0.487,0.3939,0.4438,3,1,1,synthetic
ELV-7343acf055,2026-02-27,Terminale D,SVT,course,auditif,faible,31,1,1,0.6178,0.5361,0.614,4,1,0,synthetic
ELV-e4dcd72970,2026-01-06,3e,SVT,exam,visuel,faible,23,2,2,0.4775,0.5003,0.5584,4,0,1,synthetic
ELV-e4dcd72970,2026-01-11,3e,Mathématiques,laboratory,visuel,faible,34,3,3,0.4898,0.4099,0.4838,18,1,1,synthetic
ELV-e4dcd72970,2026-01-20,3e,Physique-Chimie,exam,visuel,faible,40,2,1,0.5873,0.4952,0.5635,22,1,1,synthetic
ELV-e4dcd72970,2026-01-16,3e,SVT,course,visuel,faible,35,3,2,0.5574,0.5335,0.5679,37,1,1,synthetic
ELV-e4dcd72970,2026-02-03,3e,Mathématiques,exercise,visuel,faible,39,3,2,0.4926,0.4016,0.4913,16,0,1,synthetic
ELV-e4dcd72970,2026-01-23,3e,Physique-Chimie,laboratory,visuel,faible,27,2,1,0.6811,0.6077,0.6952,10,1,0,synthetic
ELV-e4dcd72970,2026-01-23,3e,SVT,course,visuel,faible,28,1,1,0.8257,0.6458,0.7144,21,1,1,synthetic
ELV-e4dcd72970,2026-01-30,3e,Mathématiques,laboratory,visuel,faible,53,2,2,0.5677,0.565,0.6768,6,1,0,synthetic
ELV-92e0cd7b06,2026-01-08,3e,Mathématiques,course,visuel,moyenne,28,2,0,0.734,0.591,0.6997,0,1,0,synthetic
ELV-92e0cd7b06,2026-01-17,3e,Physique-Chimie,laboratory,visuel,moyenne,20,2,2,0.5598,0.4162,0.5095,0,1,1,synthetic
ELV-92e0cd7b06,2026-01-19,3e,SVT,exercise,visuel,moyenne,12,2,1,0.84,0.6755,0.7426,8,0,0,synthetic
ELV-92e0cd7b06,2026-01-24,3e,Mathématiques,course,visuel,moyenne,24,3,3,0.4241,0.4582,0.4575,8,0,1,synthetic
ELV-92e0cd7b06,2026-02-01,3e,Physique-Chimie,exam,visuel,moyenne,35,3,2,0.5229,0.4717,0.5107,5,1,1,synthetic
ELV-92e0cd7b06,2026-01-25,3e,SVT,exam,visuel,moyenne,31,2,2,0.5599,0.5319,0.5662,1,1,1,synthetic
ELV-92e0cd7b06,2026-01-29,3e,Mathématiques,laboratory,visuel,moyenne,31,3,2,0.5103,0.4313,0.5265,4,1,1,synthetic
ELV-92e0cd7b06,2026-02-16,3e,Physique-Chimie,exercise,visuel,moyenne,32,2,2,0.5374,0.4933,0.5597,12,1,1,synthetic
ELV-fb60ec9765,2026-01-07,3e,Physique-Chimie,exercise,pratique,bonne,24,1,0,1.0,1.0,1.0,16,1,1,synthetic
ELV-fb60ec9765,2026-01-14,3e,SVT,exercise,pratique,bonne,18,2,0,1.0,1.0,1.0,4,1,0,synthetic
ELV-fb60ec9765,2026-01-13,3e,Mathématiques,exercise,pratique,bonne,36,2,0,0.8987,0.7531,0.9103,10,1,0,synthetic
ELV-fb60ec9765,2026-01-20,3e,Physique-Chimie,laboratory,pratique,bonne,29,1,0,1.0,0.8358,1.0,2,1,0,synthetic
ELV-fb60ec9765,2026-02-01,3e,SVT,laboratory,pratique,bonne,35,2,0,1.0,0.8804,1.0,30,1,1,synthetic
ELV-fb60ec9765,2026-01-30,3e,Mathématiques,course,pratique,bonne,30,2,1,0.9839,0.779,0.9087,3,1,0,synthetic
ELV-fb60ec9765,2026-02-20,3e,Physique-Chimie,exercise,pratique,bonne,27,1,0,1.0,0.8841,1.0,2,1,0,synthetic
ELV-fb60ec9765,2026-02-18,3e,SVT,laboratory,pratique,bonne,30,1,0,1.0,0.8385,1.0,6,1,0,synthetic
ELV-c9e829fab0,2026-01-06,Terminale C,SVT,exam,visuel,moyenne,34,2,1,0.7745,0.728,0.8578,3,1,0,synthetic
ELV-c9e829fab0,2026-01-13,Terminale C,Mathématiques,exercise,visuel,moyenne,17,1,1,0.6897,0.7346,0.86,5,1,0,synthetic
ELV-c9e829fab0,2026-01-19,Terminale C,Physique-Chimie,course,visuel,moyenne,18,1,2,0.86,0.7752,0.8993,3,1,0,synthetic
ELV-c9e829fab0,2026-01-15,Terminale C,SVT,exercise,visuel,moyenne,34,1,2,0.9447,0.8184,0.8869,10,1,0,synthetic
ELV-c9e829fab0,2026-01-22,Terminale C,Mathématiques,exercise,visuel,moyenne,24,2,1,0.687,0.7153,0.7575,0,1,0,synthetic
ELV-c9e829fab0,2026-01-26,Terminale C,Physique-Chimie,course,visuel,moyenne,36,1,1,1.0,0.8679,1.0,3,1,0,synthetic
ELV-c9e829fab0,2026-02-10,Terminale C,SVT,course,visuel,moyenne,28,1,1,0.7696,0.7359,0.8553,3,1,0,synthetic
ELV-c9e829fab0,2026-03-04,Terminale C,Mathématiques,laboratory,visuel,moyenne,26,2,1,0.9295,0.7083,0.8121,8,1,0,synthetic
ELV-ea229b818e,2026-01-08,3e,Mathématiques,exercise,pratique,moyenne,19,2,2,0.678,0.5553,0.6378,9,0,0,synthetic
ELV-ea229b818e,2026-01-11,3e,Physique-Chimie,course,pratique,moyenne,19,1,1,0.8769,0.7009,0.7646,1,1,0,synthetic
ELV-ea229b818e,2026-01-18,3e,SVT,exercise,pratique,moyenne,27,1,0,0.7653,0.6376,0.7454,3,1,0,synthetic
ELV-ea229b818e,2026-01-15,3e,Mathématiques,exercise,pratique,moyenne,30,2,0,0.6918,0.5477,0.6747,2,1,0,synthetic
ELV-ea229b818e,2026-01-21,3e,Physique-Chimie,exercise,pratique,moyenne,34,3,2,0.5996,0.4899,0.6216,1,1,0,synthetic
ELV-ea229b818e,2026-02-11,3e,SVT,exercise,pratique,moyenne,37,1,2,0.8224,0.7759,0.8631,0,1,0,synthetic
ELV-ea229b818e,2026-02-10,3e,Mathématiques,laboratory,pratique,moyenne,28,2,1,0.7833,0.7242,0.8611,2,1,0,synthetic
ELV-ea229b818e,2026-02-16,3e,Physique-Chimie,exercise,pratique,moyenne,40,3,2,0.6269,0.5484,0.6285,25,1,1,synthetic
ELV-dba83c1fbc,2026-01-05,Terminale C,Physique-Chimie,exercise,pratique,bonne,32,2,1,0.6222,0.574,0.6435,4,0,0,synthetic
ELV-dba83c1fbc,2026-01-11,Terminale C,SVT,exercise,pratique,bonne,27,1,1,0.6613,0.6437,0.7272,0,1,0,synthetic
ELV-dba83c1fbc,2026-01-11,Terminale C,Mathématiques,exercise,pratique,bonne,24,1,2,0.6056,0.6216,0.6646,1,1,0,synthetic
ELV-dba83c1fbc,2026-01-17,Terminale C,Physique-Chimie,exercise,pratique,bonne,24,1,2,0.8828,0.7481,0.8043,1,1,0,synthetic
ELV-dba83c1fbc,2026-01-26,Terminale C,SVT,course,pratique,bonne,45,3,1,0.9531,0.6872,0.8435,9,1,0,synthetic
ELV-dba83c1fbc,2026-01-31,Terminale C,Mathématiques,exercise,pratique,bonne,31,3,1,0.7113,0.4919,0.6076,6,1,0,synthetic
ELV-dba83c1fbc,2026-02-26,Terminale C,Physique-Chimie,laboratory,pratique,bonne,27,1,2,0.742,0.5626,0.6986,2,1,0,synthetic
ELV-dba83c1fbc,2026-01-28,Terminale C,SVT,exercise,pratique,bonne,26,2,2,0.7675,0.603,0.6631,4,1,0,synthetic
ELV-90a93353e9,2026-01-09,Terminale C,SVT,laboratory,auditif,bonne,43,2,1,0.8223,0.6399,0.757,14,1,1,synthetic
ELV-90a93353e9,2026-01-13,Terminale C,Mathématiques,exercise,auditif,bonne,27,1,1,0.6245,0.5728,0.6683,11,1,0,synthetic
ELV-90a93353e9,2026-01-19,Terminale C,Physique-Chimie,course,auditif,bonne,32,1,1,0.7958,0.6934,0.8378,0,1,0,synthetic
ELV-90a93353e9,2026-01-28,Terminale C,SVT,exercise,auditif,bonne,17,1,0,0.869,0.7457,0.878,7,1,0,synthetic
ELV-90a93353e9,2026-02-06,Terminale C,Mathématiques,exam,auditif,bonne,32,3,2,0.6959,0.5882,0.6759,1,1,0,synthetic
ELV-90a93353e9,2026-01-26,Terminale C,Physique-Chimie,exercise,auditif,bonne,28,4,0,0.9184,0.6676,0.8029,2,1,0,synthetic
ELV-90a93353e9,2026-02-13,Terminale C,SVT,course,auditif,bonne,15,1,1,0.6971,0.6001,0.7113,11,1,0,synthetic
ELV-90a93353e9,2026-03-04,Terminale C,Mathématiques,exercise,auditif,bonne,33,2,1,0.8245,0.7063,0.8212,5,1,0,synthetic
ELV-cf8f84e4de,2026-01-09,3e,Mathématiques,exercise,visuel,moyenne,24,1,1,0.7093,0.6681,0.7418,3,1,0,synthetic
ELV-cf8f84e4de,2026-01-14,3e,Physique-Chimie,exam,visuel,moyenne,28,1,2,0.7552,0.6591,0.7785,9,0,0,synthetic
ELV-cf8f84e4de,2026-01-11,3e,SVT,laboratory,visuel,moyenne,26,1,1,0.9751,0.8125,0.9868,3,0,0,synthetic
ELV-cf8f84e4de,2026-01-26,3e,Mathématiques,course,visuel,moyenne,14,3,1,0.7188,0.6548,0.7438,0,1,0,synthetic
ELV-cf8f84e4de,2026-01-19,3e,Physique-Chimie,exercise,visuel,moyenne,37,3,1,0.5146,0.4626,0.5859,11,1,1,synthetic
ELV-cf8f84e4de,2026-02-17,3e,SVT,exercise,visuel,moyenne,28,2,1,0.5472,0.5747,0.6567,4,0,1,synthetic
ELV-cf8f84e4de,2026-02-04,3e,Mathématiques,exam,visuel,moyenne,41,2,0,0.7947,0.7053,0.7997,3,1,0,synthetic
ELV-cf8f84e4de,2026-03-05,3e,Physique-Chimie,exam,visuel,moyenne,34,1,1,0.8487,0.7492,0.8535,0,1,0,synthetic
ELV-564d22ec58,2026-01-06,Terminale C,Physique-Chimie,exercise,visuel,bonne,20,1,0,0.8154,0.6431,0.7652,1,1,0,synthetic
ELV-564d22ec58,2026-01-12,Terminale C,SVT,course,visuel,bonne,32,3,0,0.8102,0.7206,0.8623,2,1,0,synthetic
ELV-564d22ec58,2026-01-11,Terminale C,Mathématiques,exercise,visuel,bonne,23,1,1,0.8536,0.6976,0.8076,1,1,0,synthetic
ELV-564d22ec58,2026-01-27,Terminale C,Physique-Chimie,exercise,visuel,bonne,26,2,1,0.5691,0.4842,0.5552,9,0,1,synthetic
ELV-564d22ec58,2026-01-18,Terminale C,SVT,exam,visuel,bonne,21,1,1,0.7657,0.6701,0.7729,1,1,0,synthetic
ELV-564d22ec58,2026-02-08,Terminale C,Mathématiques,exercise,visuel,bonne,39,4,2,0.6769,0.5408,0.6584,1,1,0,synthetic
ELV-564d22ec58,2026-02-06,Terminale C,Physique-Chimie,exercise,visuel,bonne,29,1,1,0.9262,0.7367,0.8539,9,1,0,synthetic
ELV-564d22ec58,2026-03-03,Terminale C,SVT,course,visuel,bonne,37,1,1,0.8993,0.7671,0.9165,17,0,1,synthetic
ELV-9979f969d7,2026-01-07,3e,SVT,course,auditif,bonne,36,3,2,0.641,0.4466,0.4978,5,0,1,synthetic
ELV-9979f969d7,2026-01-10,3e,Mathématiques,exercise,auditif,bonne,30,2,3,0.3729,0.3851,0.4161,19,1,1,synthetic
ELV-9979f969d7,2026-01-20,3e,Physique-Chimie,exercise,auditif,bonne,28,3,2,0.4144,0.2977,0.3207,1,1,1,synthetic
ELV-9979f969d7,2026-01-17,3e,SVT,exercise,auditif,bonne,32,2,1,0.6817,0.5134,0.631,15,1,1,synthetic
ELV-9979f969d7,2026-02-08,3e,Mathématiques,exercise,auditif,bonne,23,2,2,0.518,0.3147,0.3674,16,0,1,synthetic
ELV-9979f969d7,2026-01-29,3e,Physique-Chimie,exercise,auditif,bonne,32,4,2,0.4568,0.3165,0.3403,4,1,1,synthetic
ELV-9979f969d7,2026-02-06,3e,SVT,exercise,auditif,bonne,40,3,1,0.7428,0.5957,0.7079,22,1,1,synthetic
ELV-9979f969d7,2026-01-30,3e,Mathématiques,course,auditif,bonne,44,2,2,0.7103,0.5249,0.6065,1,1,0,synthetic
ELV-378d181b41,2026-01-07,3e,Mathématiques,laboratory,auditif,bonne,34,2,1,0.6884,0.545,0.6884,2,1,0,synthetic
ELV-378d181b41,2026-01-16,3e,Physique-Chimie,exercise,auditif,bonne,22,1,2,0.6419,0.6274,0.6594,0,1,0,synthetic
ELV-378d181b41,2026-01-19,3e,SVT,laboratory,auditif,bonne,32,3,2,0.6376,0.5794,0.672,3,1,0,synthetic
ELV-378d181b41,2026-01-28,3e,Mathématiques,laboratory,auditif,bonne,41,3,2,0.7017,0.5156,0.635,20,1,1,synthetic
ELV-378d181b41,2026-01-29,3e,Physique-Chimie,exercise,auditif,bonne,33,2,3,0.5148,0.571,0.6311,8,1,1,synthetic
ELV-378d181b41,2026-02-06,3e,SVT,laboratory,auditif,bonne,36,2,0,0.8258,0.6083,0.7715,21,0,1,synthetic
ELV-378d181b41,2026-02-12,3e,Mathématiques,exercise,auditif,bonne,38,1,2,0.6156,0.4565,0.4442,1,0,1,synthetic
ELV-378d181b41,2026-02-12,3e,Physique-Chimie,course,auditif,bonne,22,3,3,0.6028,0.6104,0.6426,31,0,1,synthetic
ELV-f2b8d55e8e,2026-01-09,Terminale D,Physique-Chimie,course,visuel,faible,34,2,0,0.5317,0.5631,0.6511,8,0,1,synthetic
ELV-f2b8d55e8e,2026-01-13,Terminale D,SVT,exercise,visuel,faible,33,2,1,0.5916,0.5513,0.6435,9,1,0,synthetic
ELV-f2b8d55e8e,2026-01-17,Terminale D,Mathématiques,exercise,visuel,faible,35,2,2,0.4855,0.4821,0.5373,7,1,1,synthetic
ELV-f2b8d55e8e,2026-01-27,Terminale D,Physique-Chimie,course,visuel,faible,43,2,2,0.5813,0.6311,0.6911,9,1,0,synthetic
ELV-f2b8d55e8e,2026-01-21,Terminale D,SVT,course,visuel,faible,30,1,1,0.7333,0.6956,0.779,4,0,0,synthetic
ELV-f2b8d55e8e,2026-02-15,Terminale D,Mathématiques,course,visuel,faible,30,3,1,0.5268,0.5285,0.6513,13,1,1,synthetic
ELV-f2b8d55e8e,2026-02-02,Terminale D,Physique-Chimie,exercise,visuel,faible,32,2,0,0.7352,0.763,0.8537,3,1,0,synthetic
ELV-f2b8d55e8e,2026-02-10,Terminale D,SVT,laboratory,visuel,faible,51,3,1,0.6997,0.6368,0.7567,0,1,0,synthetic
ELV-d902caebe6,2026-01-08,Terminale C,SVT,exercise,auditif,faible,43,3,2,0.5706,0.5907,0.6158,1,1,0,synthetic
ELV-d902caebe6,2026-01-09,Terminale C,Mathématiques,exercise,auditif,faible,31,1,3,0.4727,0.5189,0.5911,5,0,1,synthetic
ELV-d902caebe6,2026-01-13,Terminale C,Physique-Chimie,laboratory,auditif,faible,33,1,3,0.4389,0.4874,0.5323,2,1,1,synthetic
ELV-d902caebe6,2026-01-28,Terminale C,SVT,exercise,auditif,faible,31,3,2,0.7173,0.7041,0.7763,11,1,0,synthetic
ELV-d902caebe6,2026-02-06,Terminale C,Mathématiques,exercise,auditif,faible,17,1,2,0.4048,0.5022,0.5678,33,0,1,synthetic
ELV-d902caebe6,2026-01-30,Terminale C,Physique-Chimie,laboratory,auditif,faible,22,3,1,0.3796,0.433,0.526,1,1,1,synthetic
ELV-d902caebe6,2026-02-23,Terminale C,SVT,exam,auditif,faible,24,3,2,0.5649,0.5544,0.6479,3,0,0,synthetic
ELV-d902caebe6,2026-01-29,Terminale C,Mathématiques,course,auditif,faible,45,3,0,0.6738,0.54,0.7095,6,1,0,synthetic
ELV-3ad686c415,2026-01-09,Terminale C,Mathématiques,exam,auditif,faible,7,1,3,0.4476,0.6018,0.6922,5,0,1,synthetic
ELV-3ad686c415,2026-01-12,Terminale C,Physique-Chimie,exercise,auditif,faible,36,1,1,0.7118,0.6916,0.7791,0,0,0,synthetic
ELV-3ad686c415,2026-01-17,Terminale C,SVT,exercise,auditif,faible,38,2,1,0.7953,0.63,0.7235,5,0,0,synthetic
ELV-3ad686c415,2026-01-29,Terminale C,Mathématiques,exam,auditif,faible,26,1,2,0.6623,0.6445,0.7493,1,0,0,synthetic
ELV-3ad686c415,2026-02-02,Terminale C,Physique-Chimie,exam,auditif,faible,28,2,1,0.7381,0.6138,0.7296,7,1,0,synthetic
ELV-3ad686c415,2026-01-26,Terminale C,SVT,laboratory,auditif,faible,22,2,1,0.667,0.6236,0.7583,5,1,0,synthetic
ELV-3ad686c415,2026-02-24,Terminale C,Mathématiques,exercise,auditif,faible,30,2,2,0.5698,0.5615,0.6511,4,1,0,synthetic
ELV-3ad686c415,2026-02-17,Terminale C,Physique-Chimie,course,auditif,faible,33,1,1,0.4754,0.554,0.6431,4,1,1,synthetic
ELV-e445dbbb62,2026-01-05,Terminale C,Physique-Chimie,exercise,visuel,moyenne,31,2,1,0.8302,0.6642,0.7909,6,0,0,synthetic
ELV-e445dbbb62,2026-01-10,Terminale C,SVT,course,visuel,moyenne,37,3,1,0.7413,0.6432,0.7351,5,1,0,synthetic
ELV-e445dbbb62,2026-01-17,Terminale C,Mathématiques,exercise,visuel,moyenne,26,3,2,0.6262,0.6156,0.658,6,0,0,synthetic
ELV-e445dbbb62,2026-01-25,Terminale C,Physique-Chimie,exam,visuel,moyenne,27,3,2,0.5737,0.5749,0.6627,9,1,0,synthetic
ELV-e445dbbb62,2026-01-31,Terminale C,SVT,laboratory,visuel,moyenne,31,2,0,0.8412,0.7296,0.8391,1,1,0,synthetic
ELV-e445dbbb62,2026-02-14,Terminale C,Mathématiques,exercise,visuel,moyenne,17,2,2,0.6775,0.6119,0.668,21,1,1,synthetic
ELV-e445dbbb62,2026-01-30,Terminale C,Physique-Chimie,laboratory,visuel,moyenne,40,3,1,0.69,0.5875,0.7074,2,1,0,synthetic
ELV-e445dbbb62,2026-02-13,Terminale C,SVT,exercise,visuel,moyenne,30,3,2,0.4377,0.619,0.6766,11,1,1,synthetic
ELV-91c02f255b,2026-01-05,Terminale D,SVT,exercise,auditif,bonne,19,1,2,0.5442,0.4784,0.5721,0,1,1,synthetic
ELV-91c02f255b,2026-01-17,Terminale D,Mathématiques,exam,auditif,bonne,39,3,2,0.461,0.2317,0.2658,19,1,1,synthetic
ELV-91c02f255b,2026-01-15,Terminale D,Physique-Chimie,course,auditif,bonne,37,2,2,0.5803,0.3271,0.3451,9,1,1,synthetic
ELV-91c02f255b,2026-01-21,Terminale D,SVT,laboratory,auditif,bonne,43,3,2,0.2818,0.1403,0.2004,11,1,1,synthetic
ELV-91c02f255b,2026-01-22,Terminale D,Mathématiques,course,auditif,bonne,35,4,2,0.4614,0.3297,0.4527,7,1,1,synthetic
ELV-91c02f255b,2026-02-12,Terminale D,Physique-Chimie,exercise,auditif,bonne,37,2,2,0.4517,0.3135,0.3766,3,1,1,synthetic
ELV-91c02f255b,2026-02-07,Terminale D,SVT,laboratory,auditif,bonne,40,3,2,0.5276,0.4579,0.5444,2,1,1,synthetic
ELV-91c02f255b,2026-02-06,Terminale D,Mathématiques,exercise,auditif,bonne,39,3,2,0.3928,0.197,0.2317,22,1,1,synthetic
ELV-a5585d0d8d,2026-01-08,3e,Mathématiques,laboratory,auditif,bonne,39,3,3,0.4076,0.3233,0.4194,13,1,1,synthetic
ELV-a5585d0d8d,2026-01-13,3e,Physique-Chimie,course,auditif,bonne,31,1,2,0.7652,0.6593,0.7225,8,1,0,synthetic
ELV-a5585d0d8d,2026-01-18,3e,SVT,laboratory,auditif,bonne,15,1,1,0.9306,0.7283,0.8652,5,1,0,synthetic
ELV-a5585d0d8d,2026-01-15,3e,Mathématiques,exercise,auditif,bonne,21,2,2,0.6712,0.5876,0.6767,1,1,0,synthetic
ELV-a5585d0d8d,2026-01-31,3e,Physique-Chimie,exercise,auditif,bonne,25,2,2,0.5531,0.6056,0.6363,22,0,1,synthetic
ELV-a5585d0d8d,2026-01-23,3e,SVT,exercise,auditif,bonne,25,2,1,0.8265,0.6613,0.7692,3,1,0,synthetic
ELV-a5585d0d8d,2026-01-31,3e,Mathématiques,course,auditif,bonne,28,1,1,0.7255,0.6865,0.803,16,1,1,synthetic
ELV-a5585d0d8d,2026-02-05,3e,Physique-Chimie,course,auditif,bonne,18,1,1,0.8883,0.6529,0.7607,21,1,1,synthetic
ELV-91f72b27f5,2026-01-05,Terminale D,Physique-Chimie,exercise,pratique,faible,36,3,3,0.3062,0.3572,0.3954,9,1,1,synthetic
ELV-91f72b27f5,2026-01-12,Terminale D,SVT,course,pratique,faible,25,3,2,0.3154,0.4489,0.4943,1,0,1,synthetic
ELV-91f72b27f5,2026-01-23,Terminale D,Mathématiques,course,pratique,faible,42,3,1,0.4794,0.4504,0.546,10,1,1,synthetic
ELV-91f72b27f5,2026-01-15,Terminale D,Physique-Chimie,exercise,pratique,faible,33,1,0,0.7416,0.552,0.6594,8,0,0,synthetic
ELV-91f72b27f5,2026-02-08,Terminale D,SVT,exercise,pratique,faible,39,3,2,0.3744,0.3706,0.4125,5,1,1,synthetic
ELV-91f72b27f5,2026-02-12,Terminale D,Mathématiques,exercise,pratique,faible,38,2,1,0.7615,0.6856,0.8105,2,1,0,synthetic
ELV-91f72b27f5,2026-01-23,Terminale D,Physique-Chimie,exercise,pratique,faible,34,3,3,0.5513,0.5233,0.5789,9,1,1,synthetic
ELV-91f72b27f5,2026-01-29,Terminale D,SVT,course,pratique,faible,30,3,1,0.5549,0.4593,0.5393,17,0,1,synthetic
ELV-a1beedf185,2026-01-05,Terminale D,SVT,course,auditif,bonne,22,2,1,0.8233,0.7091,0.8123,1,0,0,synthetic
ELV-a1beedf185,2026-01-14,Terminale D,Mathématiques,exercise,auditif,bonne,19,1,1,0.917,0.6132,0.7266,3,0,0,synthetic
ELV-a1beedf185,2026-01-17,Terminale D,Physique-Chimie,exercise,auditif,bonne,41,3,2,1.0,0.7997,0.8817,12,1,0,synthetic
ELV-a1beedf185,2026-01-18,Terminale D,SVT,exercise,auditif,bonne,19,1,1,0.9048,0.8061,0.8842,9,1,0,synthetic
ELV-a1beedf185,2026-01-27,Terminale D,Mathématiques,course,auditif,bonne,20,3,1,0.8034,0.6637,0.7451,5,1,0,synthetic
ELV-a1beedf185,2026-02-15,Terminale D,Physique-Chimie,course,auditif,bonne,40,3,2,0.6256,0.5817,0.7151,7,1,0,synthetic
ELV-a1beedf185,2026-01-29,Terminale D,SVT,exercise,auditif,bonne,25,1,0,0.9747,0.7772,0.93,0,1,0,synthetic
ELV-a1beedf185,2026-02-09,Terminale D,Mathématiques,course,auditif,bonne,29,1,0,1.0,0.7893,0.9587,1,1,0,synthetic
ELV-f1c3f5347b,2026-01-07,Terminale D,Mathématiques,exercise,pratique,bonne,38,4,2,0.61,0.4923,0.5977,0,1,1,synthetic
ELV-f1c3f5347b,2026-01-14,Terminale D,Physique-Chimie,course,pratique,bonne,34,2,2,0.7725,0.6318,0.7122,2,1,0,synthetic
ELV-f1c3f5347b,2026-01-23,Terminale D,SVT,exercise,pratique,bonne,14,2,0,0.9378,0.6887,0.8099,12,1,0,synthetic
ELV-f1c3f5347b,2026-01-21,Terminale D,Mathématiques,exercise,pratique,bonne,31,2,3,0.4271,0.4202,0.4572,3,0,1,synthetic
ELV-f1c3f5347b,2026-01-26,Terminale D,Physique-Chimie,exercise,pratique,bonne,38,2,1,1.0,0.8038,0.931,32,1,1,synthetic
ELV-f1c3f5347b,2026-01-27,Terminale D,SVT,course,pratique,bonne,33,3,1,0.7298,0.5812,0.6854,15,1,1,synthetic
ELV-f1c3f5347b,2026-01-23,Terminale D,Mathématiques,exercise,pratique,bonne,33,2,2,0.6051,0.5176,0.5856,8,1,1,synthetic
ELV-f1c3f5347b,2026-02-06,Terminale D,Physique-Chimie,exam,pratique,bonne,29,1,2,0.7629,0.58,0.667,10,1,0,synthetic
ELV-857cdb6aad,2026-01-09,Terminale D,Physique-Chimie,exercise,visuel,moyenne,29,2,2,0.5711,0.5411,0.5915,9,1,1,synthetic
ELV-857cdb6aad,2026-01-12,Terminale D,SVT,course,visuel,moyenne,22,4,2,0.6338,0.6194,0.724,2,1,0,synthetic
ELV-857cdb6aad,2026-01-21,Terminale D,Mathématiques,exercise,visuel,moyenne,31,2,1,0.5905,0.485,0.5863,2,1,1,synthetic
ELV-857cdb6aad,2026-01-29,Terminale D,Physique-Chimie,exercise,visuel,moyenne,38,1,2,0.722,0.6121,0.6854,2,1,0,synthetic
ELV-857cdb6aad,2026-01-20,Terminale D,SVT,exercise,visuel,moyenne,32,2,1,0.5927,0.4445,0.5239,0,0,1,synthetic
ELV-857cdb6aad,2026-01-25,Terminale D,Mathématiques,exercise,visuel,moyenne,33,3,1,0.5309,0.5327,0.5701,0,1,1,synthetic
ELV-857cdb6aad,2026-01-25,Terminale D,Physique-Chimie,exam,visuel,moyenne,31,2,1,0.6759,0.6207,0.7548,15,1,1,synthetic
ELV-857cdb6aad,2026-01-28,Terminale D,SVT,laboratory,visuel,moyenne,36,3,3,0.5915,0.4842,0.575,0,1,1,synthetic
ELV-27d2b6e910,2026-01-07,3e,SVT,laboratory,auditif,moyenne,36,1,1,0.5157,0.423,0.564,10,0,1,synthetic
ELV-27d2b6e910,2026-01-13,3e,Mathématiques,course,auditif,moyenne,28,2,2,0.5268,0.5424,0.6331,6,1,1,synthetic
ELV-27d2b6e910,2026-01-21,3e,Physique-Chimie,exercise,auditif,moyenne,32,4,2,0.4635,0.4352,0.5238,4,1,1,synthetic
ELV-27d2b6e910,2026-01-17,3e,SVT,exam,auditif,moyenne,23,2,1,0.623,0.5976,0.725,1,1,0,synthetic
ELV-27d2b6e910,2026-02-10,3e,Mathématiques,course,auditif,moyenne,23,2,2,0.4289,0.424,0.4845,9,0,1,synthetic
ELV-27d2b6e910,2026-01-24,3e,Physique-Chimie,course,auditif,moyenne,31,3,2,0.5757,0.492,0.541,11,1,1,synthetic
ELV-27d2b6e910,2026-02-23,3e,SVT,exam,auditif,moyenne,13,2,2,0.48,0.4203,0.461,4,0,1,synthetic
ELV-27d2b6e910,2026-01-26,3e,Mathématiques,exercise,auditif,moyenne,33,2,1,0.5425,0.4268,0.5316,0,1,1,synthetic
ELV-c45d41aa1f,2026-01-05,3e,Mathématiques,exercise,visuel,faible,31,4,2,0.6212,0.6296,0.7572,17,0,1,synthetic
ELV-c45d41aa1f,2026-01-11,3e,Physique-Chimie,exam,visuel,faible,28,2,1,0.7159,0.6392,0.757,2,1,0,synthetic
ELV-c45d41aa1f,2026-01-23,3e,SVT,course,visuel,faible,36,1,1,0.812,0.7205,0.8484,5,1,0,synthetic
ELV-c45d41aa1f,2026-01-15,3e,Mathématiques,exam,visuel,faible,28,2,3,0.6652,0.6465,0.725,3,1,0,synthetic
ELV-c45d41aa1f,2026-01-28,3e,Physique-Chimie,course,visuel,faible,46,3,0,0.8754,0.7331,0.8536,2,1,0,synthetic
ELV-c45d41aa1f,2026-01-25,3e,SVT,exercise,visuel,faible,41,1,1,1.0,0.9529,1.0,2,1,0,synthetic
ELV-c45d41aa1f,2026-02-20,3e,Mathématiques,laboratory,visuel,faible,28,1,2,0.5104,0.6132,0.7014,2,1,1,synthetic
ELV-c45d41aa1f,2026-02-19,3e,Physique-Chimie,course,visuel,faible,38,2,2,0.8904,0.6902,0.8241,1,1,0,synthetic
ELV-aec7413351,2026-01-07,Terminale D,Physique-Chimie,exam,visuel,moyenne,28,3,3,0.3408,0.2889,0.3252,16,0,1,synthetic
ELV-aec7413351,2026-01-10,Terminale D,SVT,exercise,visuel,moyenne,23,1,1,0.692,0.4676,0.5595,38,1,1,synthetic
ELV-aec7413351,2026-01-15,Terminale D,Mathématiques,exam,visuel,moyenne,31,2,2,0.2988,0.2726,0.3361,0,0,1,synthetic
ELV-aec7413351,2026-01-14,Terminale D,Physique-Chimie,course,visuel,moyenne,35,2,3,0.2112,0.2366,0.2785,9,1,1,synthetic
ELV-aec7413351,2026-01-28,Terminale D,SVT,course,visuel,moyenne,41,3,4,0.3628,0.2731,0.2741,10,1,1,synthetic
ELV-aec7413351,2026-01-25,Terminale D,Mathématiques,course,visuel,moyenne,27,4,1,0.3429,0.2987,0.3273,0,0,1,synthetic
ELV-aec7413351,2026-02-14,Terminale D,Physique-Chimie,exercise,visuel,moyenne,30,3,3,0.4399,0.438,0.532,6,1,1,synthetic
ELV-aec7413351,2026-02-23,Terminale D,SVT,course,visuel,moyenne,34,3,2,0.334,0.2934,0.3503,7,1,1,synthetic
ELV-409cee1259,2026-01-07,Terminale C,SVT,exercise,visuel,bonne,27,2,1,0.7082,0.6195,0.6866,13,1,0,synthetic
ELV-409cee1259,2026-01-14,Terminale C,Mathématiques,course,visuel,bonne,17,3,2,0.5801,0.4926,0.6044,12,1,0,synthetic
ELV-409cee1259,2026-01-19,Terminale C,Physique-Chimie,exam,visuel,bonne,29,2,1,0.6736,0.5712,0.6376,11,1,0,synthetic
ELV-409cee1259,2026-01-29,Terminale C,SVT,exam,visuel,bonne,20,1,3,0.6343,0.6169,0.7044,12,1,0,synthetic
ELV-409cee1259,2026-02-05,Terminale C,Mathématiques,exam,visuel,bonne,35,4,2,0.5616,0.4155,0.5053,9,1,1,synthetic
ELV-409cee1259,2026-01-27,Terminale C,Physique-Chimie,laboratory,visuel,bonne,30,2,1,0.7891,0.5293,0.684,12,0,0,synthetic
ELV-409cee1259,2026-01-25,Terminale C,SVT,exercise,visuel,bonne,28,2,2,0.8684,0.6261,0.7241,9,1,0,synthetic
ELV-409cee1259,2026-02-25,Terminale C,Mathématiques,course,visuel,bonne,16,1,1,0.8662,0.7238,0.8611,12,1,0,synthetic
ELV-f651981029,2026-01-06,Terminale D,Mathématiques,exercise,auditif,moyenne,34,4,3,0.7021,0.6086,0.6794,0,0,0,synthetic
ELV-f651981029,2026-01-11,Terminale D,Physique-Chimie,exercise,auditif,moyenne,21,1,2,0.6573,0.5585,0.6332,7,1,0,synthetic
ELV-f651981029,2026-01-23,Terminale D,SVT,exam,auditif,moyenne,21,1,1,0.7903,0.6262,0.746,8,1,0,synthetic
ELV-f651981029,2026-01-20,Terminale D,Mathématiques,exercise,auditif,moyenne,32,1,1,0.7713,0.6075,0.7583,1,1,0,synthetic
ELV-f651981029,2026-02-01,Terminale D,Physique-Chimie,laboratory,auditif,moyenne,34,3,1,0.7385,0.6332,0.764,17,1,1,synthetic
ELV-f651981029,2026-02-01,Terminale D,SVT,exam,auditif,moyenne,33,1,1,0.9418,0.7301,0.8687,18,1,1,synthetic
ELV-f651981029,2026-02-08,Terminale D,Mathématiques,laboratory,auditif,moyenne,30,2,1,0.6126,0.5181,0.626,12,1,0,synthetic
ELV-f651981029,2026-01-26,Terminale D,Physique-Chimie,laboratory,auditif,moyenne,32,3,1,0.7634,0.6203,0.7517,5,1,0,synthetic
ELV-37769f979a,2026-01-06,Terminale D,Physique-Chimie,exam,auditif,faible,31,2,0,1.0,0.9155,1.0,1,1,0,synthetic
ELV-37769f979a,2026-01-15,Terminale D,SVT,laboratory,auditif,faible,24,1,1,0.8811,0.9155,1.0,22,1,1,synthetic
ELV-37769f979a,2026-01-15,Terminale D,Mathématiques,exam,auditif,faible,42,2,1,0.8781,0.8824,1.0,5,1,0,synthetic
ELV-37769f979a,2026-01-29,Terminale D,Physique-Chimie,exam,auditif,faible,28,1,0,1.0,0.8138,0.969,25,1,1,synthetic
ELV-37769f979a,2026-02-06,Terminale D,SVT,course,auditif,faible,29,2,0,0.9821,0.889,1.0,4,1,0,synthetic
ELV-37769f979a,2026-02-09,Terminale D,Mathématiques,course,auditif,faible,20,1,0,0.6879,0.8271,0.9206,29,1,1,synthetic
ELV-37769f979a,2026-02-01,Terminale D,Physique-Chimie,laboratory,auditif,faible,21,1,2,0.8797,0.9816,1.0,14,1,1,synthetic
ELV-37769f979a,2026-03-02,Terminale D,SVT,course,auditif,faible,33,1,0,0.9253,0.8709,0.9728,1,1,0,synthetic
ELV-415e58acbe,2026-01-08,Terminale D,SVT,course,pratique,bonne,18,2,3,0.3886,0.3846,0.4347,0,1,1,synthetic
ELV-415e58acbe,2026-01-13,Terminale D,Mathématiques,course,pratique,bonne,31,2,1,0.6799,0.4572,0.576,0,0,1,synthetic
ELV-415e58acbe,2026-01-21,Terminale D,Physique-Chimie,course,pratique,bonne,31,3,1,0.5917,0.4944,0.5847,5,1,1,synthetic
ELV-415e58acbe,2026-01-20,Terminale D,SVT,course,pratique,bonne,30,3,2,0.593,0.5482,0.6211,7,1,0,synthetic
ELV-415e58acbe,2026-01-27,Terminale D,Mathématiques,exercise,pratique,bonne,37,2,2,0.3728,0.3368,0.3912,9,0,1,synthetic
ELV-415e58acbe,2026-02-15,Terminale D,Physique-Chimie,exercise,pratique,bonne,23,1,2,0.4615,0.3725,0.4872,2,1,1,synthetic
ELV-415e58acbe,2026-01-25,Terminale D,SVT,course,pratique,bonne,32,1,1,0.6952,0.578,0.692,1,1,0,synthetic
ELV-415e58acbe,2026-01-30,Terminale D,Mathématiques,laboratory,pratique,bonne,33,3,2,0.6743,0.3922,0.4942,2,1,1,synthetic
ELV-577dda56ba,2026-01-06,3e,Mathématiques,laboratory,auditif,moyenne,35,3,1,0.4333,0.3595,0.4146,1,1,1,synthetic
ELV-577dda56ba,2026-01-10,3e,Physique-Chimie,exam,auditif,moyenne,22,1,3,0.4037,0.3656,0.3814,3,1,1,synthetic
ELV-577dda56ba,2026-01-15,3e,SVT,laboratory,auditif,moyenne,41,2,4,0.2836,0.3607,0.4146,0,1,1,synthetic
ELV-577dda56ba,2026-01-14,3e,Mathématiques,exercise,auditif,moyenne,26,2,1,0.6311,0.4949,0.5558,2,0,1,synthetic
ELV-577dda56ba,2026-01-28,3e,Physique-Chimie,exercise,auditif,moyenne,32,2,1,0.6311,0.5167,0.5966,16,1,1,synthetic
ELV-577dda56ba,2026-02-14,3e,SVT,exercise,auditif,moyenne,31,3,2,0.4967,0.4919,0.5378,5,1,1,synthetic
ELV-577dda56ba,2026-02-20,3e,Mathématiques,course,auditif,moyenne,25,3,3,0.2094,0.2458,0.2633,0,0,1,synthetic
ELV-577dda56ba,2026-01-29,3e,Physique-Chimie,course,auditif,moyenne,46,3,3,0.6006,0.4691,0.5578,12,1,1,synthetic
ELV-b5fff82367,2026-01-06,Terminale C,Physique-Chimie,exercise,auditif,bonne,29,4,2,0.5107,0.3952,0.4619,0,1,1,synthetic
ELV-b5fff82367,2026-01-13,Terminale C,SVT,exam,auditif,bonne,35,3,2,0.699,0.5891,0.6771,20,1,1,synthetic
ELV-b5fff82367,2026-01-12,Terminale C,Mathématiques,laboratory,auditif,bonne,30,2,2,0.4838,0.3348,0.5006,9,1,1,synthetic
ELV-b5fff82367,2026-01-26,Terminale C,Physique-Chimie,exercise,auditif,bonne,30,2,2,0.4744,0.4773,0.5592,2,1,1,synthetic
ELV-b5fff82367,2026-01-24,Terminale C,SVT,exercise,auditif,bonne,23,2,1,0.4679,0.378,0.4742,20,1,1,synthetic
ELV-b5fff82367,2026-01-31,Terminale C,Mathématiques,exercise,auditif,bonne,30,3,3,0.5424,0.5195,0.5873,1,1,1,synthetic
ELV-b5fff82367,2026-02-14,Terminale C,Physique-Chimie,exercise,auditif,bonne,40,4,1,0.4845,0.3582,0.4666,1,1,1,synthetic
ELV-b5fff82367,2026-03-03,Terminale C,SVT,exercise,auditif,bonne,37,4,4,0.2906,0.2424,0.2894,33,1,1,synthetic
ELV-84677a3cd0,2026-01-09,3e,SVT,exercise,auditif,moyenne,26,1,2,0.8784,0.7971,0.9134,20,1,1,synthetic
ELV-84677a3cd0,2026-01-15,3e,Mathématiques,exercise,auditif,moyenne,37,3,1,0.7046,0.5786,0.7,7,0,0,synthetic
ELV-84677a3cd0,2026-01-20,3e,Physique-Chimie,exercise,auditif,moyenne,23,1,2,0.6928,0.6154,0.6582,29,0,1,synthetic
ELV-84677a3cd0,2026-01-30,3e,SVT,course,auditif,moyenne,25,2,1,0.7787,0.7602,0.9247,9,1,0,synthetic
ELV-84677a3cd0,2026-02-04,3e,Mathématiques,laboratory,auditif,moyenne,35,2,2,0.7183,0.554,0.7,22,1,1,synthetic
ELV-84677a3cd0,2026-02-13,3e,Physique-Chimie,exam,auditif,moyenne,38,2,1,0.8373,0.6433,0.7556,43,1,1,synthetic
ELV-84677a3cd0,2026-01-26,3e,SVT,exercise,auditif,moyenne,28,1,1,0.9018,0.7613,0.8808,15,0,1,synthetic
ELV-84677a3cd0,2026-03-02,3e,Mathématiques,course,auditif,moyenne,26,1,2,0.6376,0.6584,0.7458,12,1,0,synthetic
ELV-8646676d1c,2026-01-05,Terminale C,Mathématiques,laboratory,visuel,moyenne,37,4,3,0.6015,0.5086,0.5946,0,1,1,synthetic
ELV-8646676d1c,2026-01-12,Terminale C,Physique-Chimie,course,visuel,moyenne,36,3,2,0.6156,0.4912,0.5933,16,1,1,synthetic
ELV-8646676d1c,2026-01-21,Terminale C,SVT,course,visuel,moyenne,27,2,1,0.731,0.6353,0.7392,2,1,0,synthetic
ELV-8646676d1c,2026-01-24,Terminale C,Mathématiques,exercise,visuel,moyenne,27,3,3,0.595,0.5371,0.5867,4,1,1,synthetic
ELV-8646676d1c,2026-01-22,Terminale C,Physique-Chimie,exercise,visuel,moyenne,29,2,1,0.657,0.5327,0.6346,19,0,1,synthetic
ELV-8646676d1c,2026-01-20,Terminale C,SVT,exercise,visuel,moyenne,24,1,2,0.7544,0.5725,0.6658,17,1,1,synthetic
ELV-8646676d1c,2026-01-24,Terminale C,Mathématiques,course,visuel,moyenne,25,2,1,0.4165,0.3399,0.4403,4,0,1,synthetic
ELV-8646676d1c,2026-03-04,Terminale C,Physique-Chimie,exercise,visuel,moyenne,37,3,2,0.5527,0.3999,0.4878,1,1,1,synthetic
ELV-433c11b9ee,2026-01-09,Terminale D,Physique-Chimie,course,pratique,moyenne,31,2,2,0.4394,0.3637,0.3999,3,1,1,synthetic
ELV-433c11b9ee,2026-01-13,Terminale D,SVT,exercise,pratique,moyenne,34,2,2,0.3609,0.3458,0.3673,2,1,1,synthetic
ELV-433c11b9ee,2026-01-20,Terminale D,Mathématiques,exercise,pratique,moyenne,29,2,0,0.4803,0.4253,0.515,4,1,1,synthetic
ELV-433c11b9ee,2026-01-18,Terminale D,Physique-Chimie,laboratory,pratique,moyenne,24,1,2,0.4519,0.3665,0.4624,2,1,1,synthetic
ELV-433c11b9ee,2026-01-21,Terminale D,SVT,exercise,pratique,moyenne,21,2,1,0.6482,0.5479,0.6588,4,1,0,synthetic
ELV-433c11b9ee,2026-01-20,Terminale D,Mathématiques,exercise,pratique,moyenne,33,3,2,0.4603,0.425,0.4503,1,1,1,synthetic
ELV-433c11b9ee,2026-01-30,Terminale D,Physique-Chimie,exercise,pratique,moyenne,46,3,2,0.3173,0.3184,0.3545,5,1,1,synthetic
ELV-433c11b9ee,2026-02-26,Terminale D,SVT,course,pratique,moyenne,36,3,2,0.5148,0.4817,0.5223,0,1,1,synthetic
ELV-d3e20cc242,2026-01-07,Terminale D,SVT,exercise,auditif,moyenne,22,1,1,0.8165,0.7542,0.8534,18,1,1,synthetic
ELV-d3e20cc242,2026-01-12,Terminale D,Mathématiques,exercise,auditif,moyenne,39,3,2,0.5575,0.4398,0.4971,28,1,1,synthetic
ELV-d3e20cc242,2026-01-12,Terminale D,Physique-Chimie,course,auditif,moyenne,34,4,2,0.4117,0.4503,0.4884,1,1,1,synthetic
ELV-d3e20cc242,2026-01-16,Terminale D,SVT,course,auditif,moyenne,35,3,2,0.5933,0.4577,0.5125,5,1,1,synthetic
ELV-d3e20cc242,2026-01-22,Terminale D,Mathématiques,exercise,auditif,moyenne,44,2,2,0.5603,0.4619,0.4885,2,1,1,synthetic
ELV-d3e20cc242,2026-02-16,Terminale D,Physique-Chimie,exam,auditif,moyenne,36,2,2,0.3902,0.4347,0.5172,10,1,1,synthetic
ELV-d3e20cc242,2026-02-18,Terminale D,SVT,exercise,auditif,moyenne,35,2,2,0.6698,0.4739,0.5122,14,1,1,synthetic
ELV-d3e20cc242,2026-03-05,Terminale D,Mathématiques,exam,auditif,moyenne,40,3,2,0.4521,0.4198,0.4922,0,1,1,synthetic
ELV-b50dd9651d,2026-01-09,3e,Mathématiques,exercise,visuel,moyenne,41,3,2,0.3099,0.3455,0.4109,2,1,1,synthetic
ELV-b50dd9651d,2026-01-10,3e,Physique-Chimie,exam,visuel,moyenne,57,4,3,0.2436,0.2499,0.2703,2,0,1,synthetic
ELV-b50dd9651d,2026-01-21,3e,SVT,exercise,visuel,moyenne,16,2,3,0.3776,0.3277,0.3884,11,0,1,synthetic
ELV-b50dd9651d,2026-01-24,3e,Mathématiques,exam,visuel,moyenne,30,3,2,0.2167,0.2582,0.2814,8,1,1,synthetic
ELV-b50dd9651d,2026-01-21,3e,Physique-Chimie,exercise,visuel,moyenne,34,4,3,0.2332,0.1677,0.1797,1,0,1,synthetic
ELV-b50dd9651d,2026-02-01,3e,SVT,exercise,visuel,moyenne,32,4,3,0.4002,0.3149,0.3234,1,1,1,synthetic
ELV-b50dd9651d,2026-02-10,3e,Mathématiques,course,visuel,moyenne,42,4,3,0.3701,0.3279,0.3869,0,1,1,synthetic
ELV-b50dd9651d,2026-02-26,3e,Physique-Chimie,exam,visuel,moyenne,41,4,2,0.1505,0.1396,0.1174,0,0,1,synthetic
ELV-37f6f5fb6f,2026-01-08,Terminale C,Physique-Chimie,exercise,auditif,bonne,27,2,2,0.7702,0.6182,0.7027,23,1,1,synthetic
ELV-37f6f5fb6f,2026-01-11,Terminale C,SVT,exam,auditif,bonne,21,2,2,0.6891,0.5419,0.6001,7,0,0,synthetic
ELV-37f6f5fb6f,2026-01-17,Terminale C,Mathématiques,exercise,auditif,bonne,31,1,2,0.5322,0.446,0.532,12,0,1,synthetic
ELV-37f6f5fb6f,2026-01-26,Terminale C,Physique-Chimie,exam,auditif,bonne,25,2,1,0.6734,0.552,0.6714,2,1,0,synthetic
ELV-37f6f5fb6f,2026-01-23,Terminale C,SVT,exercise,auditif,bonne,41,3,1,0.7683,0.5222,0.6258,1,0,0,synthetic
ELV-37f6f5fb6f,2026-02-07,Terminale C,Mathématiques,exercise,auditif,bonne,37,2,2,0.6302,0.5343,0.5954,4,0,1,synthetic
ELV-37f6f5fb6f,2026-02-08,Terminale C,Physique-Chimie,course,auditif,bonne,36,2,1,0.875,0.621,0.7225,8,1,0,synthetic
ELV-37f6f5fb6f,2026-02-04,Terminale C,SVT,exercise,auditif,bonne,30,2,1,0.7896,0.629,0.7877,9,1,0,synthetic
ELV-ea6a9efdc1,2026-01-07,Terminale C,SVT,course,auditif,bonne,27,3,2,0.6443,0.5128,0.5778,0,1,1,synthetic
ELV-ea6a9efdc1,2026-01-14,Terminale C,Mathématiques,course,auditif,bonne,22,2,2,0.5966,0.6314,0.7079,8,1,0,synthetic
ELV-ea6a9efdc1,2026-01-20,Terminale C,Physique-Chimie,course,auditif,bonne,48,4,1,0.6927,0.536,0.6112,13,1,0,synthetic
ELV-ea6a9efdc1,2026-01-30,Terminale C,SVT,course,auditif,bonne,26,1,1,0.6919,0.5739,0.6173,3,1,0,synthetic
ELV-ea6a9efdc1,2026-02-10,Terminale C,Mathématiques,laboratory,auditif,bonne,38,2,1,0.5892,0.5686,0.635,0,0,0,synthetic
ELV-ea6a9efdc1,2026-02-17,Terminale C,Physique-Chimie,laboratory,auditif,bonne,28,1,2,0.6497,0.561,0.7302,3,1,0,synthetic
ELV-ea6a9efdc1,2026-02-17,Terminale C,SVT,course,auditif,bonne,42,2,3,0.5808,0.5539,0.5994,4,1,1,synthetic
ELV-ea6a9efdc1,2026-02-03,Terminale C,Mathématiques,exercise,auditif,bonne,56,4,1,0.6834,0.4343,0.5076,10,1,1,synthetic
ELV-0188490e96,2026-01-05,Terminale C,Mathématiques,exercise,visuel,bonne,31,2,2,0.7561,0.5291,0.5809,1,1,1,synthetic
ELV-0188490e96,2026-01-12,Terminale C,Physique-Chimie,exercise,visuel,bonne,26,2,3,0.5329,0.4657,0.551,2,0,1,synthetic
ELV-0188490e96,2026-01-25,Terminale C,SVT,exam,visuel,bonne,39,1,1,0.695,0.5099,0.6154,0,1,0,synthetic
ELV-0188490e96,2026-01-17,Terminale C,Mathématiques,exercise,visuel,bonne,54,3,2,0.653,0.5219,0.6107,6,1,0,synthetic
ELV-0188490e96,2026-02-04,Terminale C,Physique-Chimie,exam,visuel,bonne,42,3,2,0.6909,0.5254,0.6136,4,1,0,synthetic
ELV-0188490e96,2026-02-02,Terminale C,SVT,exercise,visuel,bonne,37,1,2,0.5378,0.5489,0.6446,2,0,1,synthetic
ELV-0188490e96,2026-02-19,Terminale C,Mathématiques,exercise,visuel,bonne,43,4,0,0.6481,0.4713,0.6169,4,1,0,synthetic
ELV-0188490e96,2026-03-03,Terminale C,Physique-Chimie,course,visuel,bonne,25,1,2,0.6195,0.587,0.6972,4,1,0,synthetic
ELV-e559a9821a,2026-01-05,Terminale D,Physique-Chimie,exercise,pratique,bonne,18,1,3,0.4711,0.4505,0.4632,0,1,1,synthetic
ELV-e559a9821a,2026-01-17,Terminale D,SVT,course,pratique,bonne,23,1,0,0.722,0.6773,0.8223,0,1,0,synthetic
ELV-e559a9821a,2026-01-14,Terminale D,Mathématiques,exercise,pratique,bonne,37,3,2,0.4546,0.4748,0.5254,7,1,1,synthetic
ELV-e559a9821a,2026-01-27,Terminale D,Physique-Chimie,laboratory,pratique,bonne,38,3,2,0.6388,0.4493,0.5349,0,1,1,synthetic
ELV-e559a9821a,2026-01-25,Terminale D,SVT,exercise,pratique,bonne,31,3,1,0.4524,0.3883,0.4623,9,1,1,synthetic
ELV-e559a9821a,2026-01-28,Terminale D,Mathématiques,exam,pratique,bonne,26,2,2,0.7231,0.6404,0.7175,5,1,0,synthetic
ELV-e559a9821a,2026-02-07,Terminale D,Physique-Chimie,exercise,pratique,bonne,28,3,2,0.5614,0.4301,0.5137,7,1,1,synthetic
ELV-e559a9821a,2026-02-04,Terminale D,SVT,exercise,pratique,bonne,20,1,1,0.6285,0.5419,0.6237,3,0,0,synthetic
ELV-0c50eefadb,2026-01-09,Terminale D,SVT,exercise,pratique,moyenne,27,4,3,0.1325,0.1557,0.1522,2,1,1,synthetic
ELV-0c50eefadb,2026-01-09,Terminale D,Mathématiques,exercise,pratique,moyenne,30,3,2,0.315,0.1683,0.2145,5,0,1,synthetic
ELV-0c50eefadb,2026-01-20,Terminale D,Physique-Chimie,course,pratique,moyenne,36,3,3,0.0,0.0,0.0,11,0,1,synthetic
ELV-0c50eefadb,2026-01-18,Terminale D,SVT,laboratory,pratique,moyenne,45,3,3,0.2353,0.1761,0.2193,13,1,1,synthetic
ELV-0c50eefadb,2026-01-21,Terminale D,Mathématiques,exercise,pratique,moyenne,27,2,3,0.1414,0.1064,0.1014,3,0,1,synthetic
ELV-0c50eefadb,2026-01-22,Terminale D,Physique-Chimie,exam,pratique,moyenne,42,6,3,0.2144,0.1301,0.165,0,1,1,synthetic
ELV-0c50eefadb,2026-02-05,Terminale D,SVT,exercise,pratique,moyenne,20,3,3,0.178,0.2575,0.2747,4,0,1,synthetic
ELV-0c50eefadb,2026-03-04,Terminale D,Mathématiques,exam,pratique,moyenne,46,3,3,0.1713,0.2024,0.2133,12,1,1,synthetic
ELV-a7391b461b,2026-01-08,3e,Mathématiques,exercise,pratique,moyenne,37,3,3,0.2577,0.2178,0.2511,8,1,1,synthetic
ELV-a7391b461b,2026-01-16,3e,Physique-Chimie,exercise,pratique,moyenne,28,3,2,0.2701,0.2736,0.3395,12,1,1,synthetic
ELV-a7391b461b,2026-01-13,3e,SVT,exercise,pratique,moyenne,42,4,4,0.1299,0.1486,0.1431,9,1,1,synthetic
ELV-a7391b461b,2026-01-21,3e,Mathématiques,laboratory,pratique,moyenne,38,2,3,0.3782,0.3115,0.38,4,1,1,synthetic
ELV-a7391b461b,2026-02-07,3e,Physique-Chimie,exercise,pratique,moyenne,21,2,2,0.3168,0.2589,0.2791,26,1,1,synthetic
ELV-a7391b461b,2026-01-20,3e,SVT,laboratory,pratique,moyenne,39,3,2,0.4726,0.369,0.4393,1,1,1,synthetic
ELV-a7391b461b,2026-02-04,3e,Mathématiques,course,pratique,moyenne,27,4,1,0.4386,0.3225,0.4184,40,1,1,synthetic
ELV-a7391b461b,2026-03-03,3e,Physique-Chimie,exam,pratique,moyenne,43,4,0,0.4654,0.3204,0.3815,21,0,1,synthetic
ELV-91dca8c426,2026-01-07,Terminale D,Physique-Chimie,exercise,pratique,moyenne,33,3,2,0.8625,0.629,0.7618,1,1,0,synthetic
ELV-91dca8c426,2026-01-08,Terminale D,SVT,exercise,pratique,moyenne,27,3,2,0.7016,0.6181,0.7232,14,1,1,synthetic
ELV-91dca8c426,2026-01-20,Terminale D,Mathématiques,laboratory,pratique,moyenne,28,3,2,0.5642,0.5288,0.6408,8,0,0,synthetic
ELV-91dca8c426,2026-01-17,Terminale D,Physique-Chimie,exercise,pratique,moyenne,29,2,2,0.6648,0.5606,0.6323,1,1,0,synthetic
ELV-91dca8c426,2026-02-09,Terminale D,SVT,course,pratique,moyenne,24,1,2,0.6124,0.5583,0.6642,15,0,1,synthetic
ELV-91dca8c426,2026-01-20,Terminale D,Mathématiques,course,pratique,moyenne,19,3,2,0.3833,0.3895,0.4325,21,1,1,synthetic
ELV-91dca8c426,2026-01-23,Terminale D,Physique-Chimie,exercise,pratique,moyenne,35,2,1,0.7687,0.6807,0.7568,5,1,0,synthetic
ELV-91dca8c426,2026-02-25,Terminale D,SVT,course,pratique,moyenne,18,2,2,0.817,0.6288,0.7503,2,1,0,synthetic
ELV-0764211b10,2026-01-09,Terminale D,SVT,course,auditif,bonne,42,4,2,0.555,0.4079,0.4992,14,1,1,synthetic
ELV-0764211b10,2026-01-09,Terminale D,Mathématiques,course,auditif,bonne,40,1,1,0.4717,0.2817,0.3616,1,1,1,synthetic
ELV-0764211b10,2026-01-20,Terminale D,Physique-Chimie,laboratory,auditif,bonne,46,3,1,0.6541,0.5358,0.6447,1,1,0,synthetic
ELV-0764211b10,2026-01-29,Terminale D,SVT,course,auditif,bonne,21,2,2,0.5216,0.4481,0.4743,3,1,1,synthetic
ELV-0764211b10,2026-01-17,Terminale D,Mathématiques,exercise,auditif,bonne,21,3,3,0.3546,0.357,0.395,14,0,1,synthetic
ELV-0764211b10,2026-01-22,Terminale D,Physique-Chimie,laboratory,auditif,bonne,46,3,2,0.4594,0.3712,0.4688,4,1,1,synthetic
ELV-0764211b10,2026-01-23,Terminale D,SVT,course,auditif,bonne,28,1,3,0.4401,0.4053,0.4116,10,0,1,synthetic
ELV-0764211b10,2026-03-06,Terminale D,Mathématiques,exam,auditif,bonne,34,3,2,0.6378,0.4463,0.5069,13,1,1,synthetic
ELV-7d2ec393da,2026-01-05,3e,Mathématiques,laboratory,auditif,bonne,34,3,1,0.8389,0.6166,0.7973,4,1,0,synthetic
ELV-7d2ec393da,2026-01-12,3e,Physique-Chimie,exercise,auditif,bonne,17,2,1,0.8224,0.6764,0.7524,3,1,0,synthetic
ELV-7d2ec393da,2026-01-12,3e,SVT,laboratory,auditif,bonne,20,2,3,0.6818,0.6237,0.7252,1,1,0,synthetic
ELV-7d2ec393da,2026-01-22,3e,Mathématiques,course,auditif,bonne,25,2,2,0.6873,0.5252,0.6332,4,0,0,synthetic
ELV-7d2ec393da,2026-02-10,3e,Physique-Chimie,exercise,auditif,bonne,35,2,2,0.7247,0.5731,0.6931,5,1,0,synthetic
ELV-7d2ec393da,2026-02-03,3e,SVT,exercise,auditif,bonne,36,2,0,0.7527,0.5475,0.6781,15,1,1,synthetic
ELV-7d2ec393da,2026-02-04,3e,Mathématiques,exercise,auditif,bonne,19,2,1,0.519,0.5293,0.6026,11,1,1,synthetic
ELV-7d2ec393da,2026-02-12,3e,Physique-Chimie,laboratory,auditif,bonne,15,3,1,0.6006,0.5358,0.6576,15,1,1,synthetic
ELV-ddf266d40e,2026-01-05,Terminale D,Physique-Chimie,course,auditif,bonne,39,2,2,0.7279,0.5772,0.6828,13,1,0,synthetic
ELV-ddf266d40e,2026-01-11,Terminale D,SVT,laboratory,auditif,bonne,23,2,2,0.5541,0.5934,0.6587,11,1,0,synthetic
ELV-ddf266d40e,2026-01-21,Terminale D,Mathématiques,laboratory,auditif,bonne,24,2,0,0.8507,0.6367,0.7883,0,1,0,synthetic
ELV-ddf266d40e,2026-01-22,Terminale D,Physique-Chimie,exam,auditif,bonne,21,2,2,0.4217,0.3968,0.4144,4,1,1,synthetic
ELV-ddf266d40e,2026-01-24,Terminale D,SVT,exercise,auditif,bonne,26,3,1,0.6187,0.5502,0.6447,3,1,0,synthetic
ELV-ddf266d40e,2026-01-30,Terminale D,Mathématiques,exam,auditif,bonne,40,3,2,0.3931,0.3723,0.3988,10,1,1,synthetic
ELV-ddf266d40e,2026-02-04,Terminale D,Physique-Chimie,course,auditif,bonne,30,2,3,0.448,0.4965,0.5542,11,0,1,synthetic
ELV-ddf266d40e,2026-02-25,Terminale D,SVT,exam,auditif,bonne,23,2,0,0.66,0.5755,0.6782,5,1,0,synthetic
ELV-1b4d3bc202,2026-01-08,Terminale D,SVT,exercise,pratique,bonne,48,3,3,0.6978,0.5679,0.658,2,1,0,synthetic
ELV-1b4d3bc202,2026-01-16,Terminale D,Mathématiques,exercise,pratique,bonne,26,2,1,0.779,0.6087,0.7185,7,1,0,synthetic
ELV-1b4d3bc202,2026-01-21,Terminale D,Physique-Chimie,exercise,pratique,bonne,28,2,2,0.703,0.6106,0.6535,22,0,1,synthetic
ELV-1b4d3bc202,2026-01-21,Terminale D,SVT,laboratory,pratique,bonne,32,4,1,0.6835,0.495,0.6629,0,1,0,synthetic
ELV-1b4d3bc202,2026-02-06,Terminale D,Mathématiques,course,pratique,bonne,34,3,2,0.5372,0.511,0.5648,2,1,1,synthetic
ELV-1b4d3bc202,2026-01-26,Terminale D,Physique-Chimie,course,pratique,bonne,28,2,0,0.5975,0.5544,0.66,2,1,0,synthetic
ELV-1b4d3bc202,2026-02-25,Terminale D,SVT,exercise,pratique,bonne,35,1,1,0.7699,0.6721,0.7799,12,0,0,synthetic
ELV-1b4d3bc202,2026-03-05,Terminale D,Mathématiques,exam,pratique,bonne,43,2,2,0.6065,0.5536,0.6373,2,1,0,synthetic
ELV-512770b57c,2026-01-07,Terminale D,Mathématiques,exercise,visuel,bonne,36,1,0,0.935,0.8548,0.9756,2,1,0,synthetic
ELV-512770b57c,2026-01-15,Terminale D,Physique-Chimie,exam,visuel,bonne,24,2,1,1.0,0.8523,0.9717,0,1,0,synthetic
ELV-512770b57c,2026-01-11,Terminale D,SVT,exam,visuel,bonne,18,1,2,0.8242,0.8009,0.8478,8,1,0,synthetic
ELV-512770b57c,2026-01-28,Terminale D,Mathématiques,exam,visuel,bonne,25,1,0,1.0,0.8272,0.9534,1,1,0,synthetic
ELV-512770b57c,2026-02-02,Terminale D,Physique-Chimie,exam,visuel,bonne,39,1,2,0.8795,0.806,0.8923,0,1,0,synthetic
ELV-512770b57c,2026-02-17,Terminale D,SVT,laboratory,visuel,bonne,37,3,1,0.8598,0.6999,0.8189,5,1,0,synthetic
ELV-512770b57c,2026-02-11,Terminale D,Mathématiques,exercise,visuel,bonne,29,1,0,1.0,0.7702,0.9329,0,1,0,synthetic
ELV-512770b57c,2026-02-18,Terminale D,Physique-Chimie,laboratory,visuel,bonne,35,2,1,1.0,0.9073,1.0,1,1,0,synthetic
ELV-c05fdfb6c1,2026-01-06,Terminale C,Physique-Chimie,laboratory,pratique,faible,28,1,2,0.5531,0.3951,0.5,10,1,1,synthetic
ELV-c05fdfb6c1,2026-01-12,Terminale C,SVT,exercise,pratique,faible,36,3,2,0.2696,0.3272,0.366,10,0,1,synthetic
ELV-c05fdfb6c1,2026-01-23,Terminale C,Mathématiques,exam,pratique,faible,26,4,2,0.3125,0.4146,0.5049,17,1,1,synthetic
ELV-c05fdfb6c1,2026-01-21,Terminale C,Physique-Chimie,laboratory,pratique,faible,32,3,2,0.3022,0.3477,0.4205,2,1,1,synthetic
ELV-c05fdfb6c1,2026-02-05,Terminale C,SVT,course,pratique,faible,33,3,2,0.3138,0.2764,0.3463,1,0,1,synthetic
ELV-c05fdfb6c1,2026-02-01,Terminale C,Mathématiques,exercise,pratique,faible,34,4,2,0.5114,0.3629,0.4205,2,1,1,synthetic
ELV-c05fdfb6c1,2026-02-08,Terminale C,Physique-Chimie,course,pratique,faible,33,2,2,0.4103,0.3238,0.4014,3,0,1,synthetic
ELV-c05fdfb6c1,2026-02-20,Terminale C,SVT,course,pratique,faible,31,2,2,0.52,0.4156,0.4806,3,0,1,synthetic
ELV-5fb286ed7a,2026-01-05,Terminale C,SVT,exercise,visuel,moyenne,39,2,2,0.5188,0.4651,0.5409,0,1,1,synthetic
ELV-5fb286ed7a,2026-01-10,Terminale C,Mathématiques,course,visuel,moyenne,25,3,2,0.5731,0.5169,0.5939,9,1,1,synthetic
ELV-5fb286ed7a,2026-01-18,Terminale C,Physique-Chimie,course,visuel,moyenne,28,2,1,0.5092,0.4284,0.5213,5,0,1,synthetic
ELV-5fb286ed7a,2026-01-23,Terminale C,SVT,exercise,visuel,moyenne,23,3,1,0.5559,0.4216,0.4743,7,1,1,synthetic
ELV-5fb286ed7a,2026-01-25,Terminale C,Mathématiques,laboratory,visuel,moyenne,33,3,1,0.593,0.3344,0.4117,2,0,1,synthetic
ELV-5fb286ed7a,2026-01-25,Terminale C,Physique-Chimie,exercise,visuel,moyenne,14,2,2,0.6204,0.5552,0.6437,0,1,0,synthetic
ELV-5fb286ed7a,2026-02-14,Terminale C,SVT,course,visuel,moyenne,38,3,1,0.4943,0.4893,0.6044,15,1,1,synthetic
ELV-5fb286ed7a,2026-01-27,Terminale C,Mathématiques,course,visuel,moyenne,28,3,2,0.6571,0.5117,0.5991,9,1,1,synthetic
ELV-9ebd8d54e3,2026-01-06,3e,Mathématiques,laboratory,visuel,moyenne,29,2,0,0.7893,0.7045,0.8331,2,1,0,synthetic
ELV-9ebd8d54e3,2026-01-15,3e,Physique-Chimie,course,visuel,moyenne,31,1,1,0.9046,0.7662,0.8581,13,1,0,synthetic
ELV-9ebd8d54e3,2026-01-20,3e,SVT,exercise,visuel,moyenne,32,3,2,0.7835,0.6801,0.7501,11,0,0,synthetic
ELV-9ebd8d54e3,2026-01-22,3e,Mathématiques,laboratory,visuel,moyenne,27,2,1,0.8236,0.6656,0.8108,18,1,1,synthetic
ELV-9ebd8d54e3,2026-02-07,3e,Physique-Chimie,exercise,visuel,moyenne,32,3,2,0.8137,0.6333,0.749,18,1,1,synthetic
ELV-9ebd8d54e3,2026-01-31,3e,SVT,course,visuel,moyenne,32,2,3,0.6435,0.617,0.7043,6,1,0,synthetic
ELV-9ebd8d54e3,2026-02-11,3e,Mathématiques,course,visuel,moyenne,24,1,1,0.7756,0.6912,0.8391,5,1,0,synthetic
ELV-9ebd8d54e3,2026-01-26,3e,Physique-Chimie,course,visuel,moyenne,11,3,1,0.7325,0.6001,0.7512,3,1,0,synthetic
ELV-5ebaf78413,2026-01-06,Terminale D,Physique-Chimie,exercise,auditif,moyenne,33,3,2,0.5632,0.5431,0.6253,7,1,0,synthetic
ELV-5ebaf78413,2026-01-13,Terminale D,SVT,course,auditif,moyenne,31,1,1,0.8265,0.6974,0.8551,19,1,1,synthetic
ELV-5ebaf78413,2026-01-23,Terminale D,Mathématiques,exam,auditif,moyenne,22,1,2,0.6374,0.5322,0.5954,6,1,1,synthetic
ELV-5ebaf78413,2026-01-21,Terminale D,Physique-Chimie,laboratory,auditif,moyenne,30,3,2,0.6775,0.5975,0.7019,7,1,0,synthetic
ELV-5ebaf78413,2026-01-24,Terminale D,SVT,laboratory,auditif,moyenne,42,2,0,0.9628,0.7748,0.9187,13,0,0,synthetic
ELV-5ebaf78413,2026-02-11,Terminale D,Mathématiques,exercise,auditif,moyenne,31,2,0,0.8301,0.5636,0.667,17,1,1,synthetic
ELV-5ebaf78413,2026-02-14,Terminale D,Physique-Chimie,exam,auditif,moyenne,28,1,2,0.9279,0.7769,0.8478,11,1,0,synthetic
ELV-5ebaf78413,2026-02-19,Terminale D,SVT,course,auditif,moyenne,42,2,2,0.7989,0.6409,0.7442,0,0,0,synthetic
ELV-138b6c28ab,2026-01-07,3e,SVT,course,pratique,faible,16,1,1,0.7664,0.7657,0.8954,15,1,1,synthetic
ELV-138b6c28ab,2026-01-16,3e,Mathématiques,course,pratique,faible,23,3,1,0.652,0.6569,0.7635,36,0,1,synthetic
ELV-138b6c28ab,2026-01-20,3e,Physique-Chimie,course,pratique,faible,34,2,0,0.9081,0.7914,0.8831,26,1,1,synthetic
ELV-138b6c28ab,2026-02-01,3e,SVT,course,pratique,faible,24,2,1,0.8313,0.732,0.8746,8,0,0,synthetic
ELV-138b6c28ab,2026-01-30,3e,Mathématiques,exam,pratique,faible,46,3,1,0.7967,0.7551,0.8632,34,0,1,synthetic
ELV-138b6c28ab,2026-02-07,3e,Physique-Chimie,exercise,pratique,faible,25,2,1,0.7429,0.6979,0.8066,1,1,0,synthetic
ELV-138b6c28ab,2026-02-14,3e,SVT,exercise,pratique,faible,29,2,1,0.8704,0.7074,0.8528,0,1,0,synthetic
ELV-138b6c28ab,2026-02-05,3e,Mathématiques,course,pratique,faible,25,1,0,0.871,0.7362,0.8835,15,0,1,synthetic
ELV-b95668a62d,2026-01-05,3e,Mathématiques,course,visuel,bonne,36,2,1,0.9696,0.7615,0.8734,9,1,0,synthetic
ELV-b95668a62d,2026-01-17,3e,Physique-Chimie,exam,visuel,bonne,7,2,0,0.734,0.6198,0.7826,8,1,0,synthetic
ELV-b95668a62d,2026-01-23,3e,SVT,exercise,visuel,bonne,29,2,1,0.7341,0.6658,0.7752,27,1,1,synthetic
ELV-b95668a62d,2026-01-17,3e,Mathématiques,laboratory,visuel,bonne,31,1,1,0.6503,0.5573,0.6898,4,1,0,synthetic
ELV-b95668a62d,2026-02-04,3e,Physique-Chimie,course,visuel,bonne,26,2,0,0.65,0.5982,0.6846,4,1,0,synthetic
ELV-b95668a62d,2026-02-09,3e,SVT,exercise,visuel,bonne,31,3,2,0.893,0.6674,0.7851,4,0,0,synthetic
ELV-b95668a62d,2026-02-13,3e,Mathématiques,exam,visuel,bonne,25,2,2,0.7698,0.6612,0.79,3,1,0,synthetic
ELV-b95668a62d,2026-02-26,3e,Physique-Chimie,exercise,visuel,bonne,30,1,1,0.8816,0.7324,0.8099,18,0,1,synthetic
ELV-67a8564083,2026-01-09,Terminale D,Physique-Chimie,exam,visuel,bonne,39,2,1,0.6499,0.4232,0.5473,3,1,1,synthetic
ELV-67a8564083,2026-01-13,Terminale D,SVT,exercise,visuel,bonne,55,3,1,0.6344,0.5671,0.6447,8,1,0,synthetic
ELV-67a8564083,2026-01-22,Terminale D,Mathématiques,exercise,visuel,bonne,34,4,2,0.6374,0.4928,0.5781,1,1,1,synthetic
ELV-67a8564083,2026-01-15,Terminale D,Physique-Chimie,exercise,visuel,bonne,40,3,2,0.7492,0.5547,0.633,23,0,1,synthetic
ELV-67a8564083,2026-01-19,Terminale D,SVT,course,visuel,bonne,29,2,2,0.7113,0.639,0.7638,3,1,0,synthetic
ELV-67a8564083,2026-02-17,Terminale D,Mathématiques,exercise,visuel,bonne,32,3,2,0.7194,0.613,0.7451,6,0,0,synthetic
ELV-67a8564083,2026-02-26,Terminale D,Physique-Chimie,course,visuel,bonne,34,3,2,0.7178,0.6155,0.686,2,1,0,synthetic
ELV-67a8564083,2026-03-02,Terminale D,SVT,exercise,visuel,bonne,47,2,1,0.8503,0.5838,0.705,2,0,0,synthetic
ELV-9e56f74b2d,2026-01-08,Terminale D,SVT,course,visuel,moyenne,39,2,2,0.5326,0.5318,0.5998,1,0,1,synthetic
ELV-9e56f74b2d,2026-01-12,Terminale D,Mathématiques,course,visuel,moyenne,33,4,3,0.5789,0.4954,0.5624,4,0,1,synthetic
ELV-9e56f74b2d,2026-01-19,Terminale D,Physique-Chimie,course,visuel,moyenne,26,2,3,0.5324,0.6029,0.6934,1,1,1,synthetic
ELV-9e56f74b2d,2026-01-20,Terminale D,SVT,exercise,visuel,moyenne,15,1,3,0.5198,0.471,0.6054,1,1,1,synthetic
ELV-9e56f74b2d,2026-01-25,Terminale D,Mathématiques,course,visuel,moyenne,28,2,2,0.5038,0.3788,0.4645,25,1,1,synthetic
ELV-9e56f74b2d,2026-01-27,Terminale D,Physique-Chimie,exam,visuel,moyenne,37,3,2,0.7447,0.5525,0.6298,8,0,0,synthetic
ELV-9e56f74b2d,2026-02-05,Terminale D,SVT,laboratory,visuel,moyenne,30,2,2,0.5795,0.5493,0.6732,9,0,0,synthetic
ELV-9e56f74b2d,2026-03-03,Terminale D,Mathématiques,course,visuel,moyenne,34,1,3,0.2095,0.3117,0.3587,2,0,1,synthetic
ELV-1f6b666e73,2026-01-09,3e,Mathématiques,exercise,auditif,faible,14,2,1,0.6195,0.5787,0.6554,0,0,0,synthetic
ELV-1f6b666e73,2026-01-12,3e,Physique-Chimie,course,auditif,faible,28,1,1,0.722,0.6829,0.7655,46,0,1,synthetic
ELV-1f6b666e73,2026-01-23,3e,SVT,exam,auditif,faible,27,2,0,0.9791,0.7685,0.8778,17,1,1,synthetic
ELV-1f6b666e73,2026-01-31,3e,Mathématiques,exercise,auditif,faible,15,1,1,0.7572,0.6612,0.7502,10,0,0,synthetic
ELV-1f6b666e73,2026-01-27,3e,Physique-Chimie,course,auditif,faible,32,1,2,0.7806,0.735,0.828,14,0,1,synthetic
ELV-1f6b666e73,2026-01-30,3e,SVT,laboratory,auditif,faible,11,1,0,0.7808,0.7194,0.8541,7,1,0,synthetic
ELV-1f6b666e73,2026-02-19,3e,Mathématiques,course,auditif,faible,19,2,2,0.6941,0.7526,0.8208,5,1,0,synthetic
ELV-1f6b666e73,2026-03-04,3e,Physique-Chimie,course,auditif,faible,39,1,1,0.5574,0.6014,0.6765,9,1,0,synthetic
ELV-c77ba0f1c2,2026-01-09,3e,Physique-Chimie,exam,pratique,moyenne,20,3,2,0.4228,0.3728,0.427,3,1,1,synthetic
ELV-c77ba0f1c2,2026-01-13,3e,SVT,exercise,pratique,moyenne,35,3,2,0.3766,0.3598,0.4318,13,1,1,synthetic
ELV-c77ba0f1c2,2026-01-18,3e,Mathématiques,exercise,pratique,moyenne,20,5,2,0.1124,0.1294,0.1619,0,1,1,synthetic
ELV-c77ba0f1c2,2026-01-16,3e,Physique-Chimie,exam,pratique,moyenne,31,4,4,0.1758,0.1265,0.1712,1,1,1,synthetic
ELV-c77ba0f1c2,2026-01-21,3e,SVT,exam,pratique,moyenne,27,2,2,0.3721,0.312,0.3837,11,0,1,synthetic
ELV-c77ba0f1c2,2026-01-24,3e,Mathématiques,laboratory,pratique,moyenne,28,3,3,0.2744,0.2012,0.2678,0,1,1,synthetic
ELV-c77ba0f1c2,2026-02-23,3e,Physique-Chimie,course,pratique,moyenne,34,1,2,0.3694,0.3409,0.3373,10,1,1,synthetic
ELV-c77ba0f1c2,2026-03-05,3e,SVT,exercise,pratique,moyenne,26,2,2,0.426,0.4135,0.4644,1,1,1,synthetic
ELV-a7bca68d6b,2026-01-08,Terminale C,SVT,exam,pratique,faible,36,3,2,0.5315,0.5188,0.629,14,0,1,synthetic
ELV-a7bca68d6b,2026-01-11,Terminale C,Mathématiques,exercise,pratique,faible,32,2,1,0.707,0.7544,0.8388,24,1,1,synthetic
ELV-a7bca68d6b,2026-01-12,Terminale C,Physique-Chimie,exercise,pratique,faible,24,2,1,0.6363,0.704,0.8184,4,1,0,synthetic
ELV-a7bca68d6b,2026-01-24,Terminale C,SVT,exercise,pratique,faible,33,2,1,0.6685,0.6919,0.7912,3,1,0,synthetic
ELV-a7bca68d6b,2026-01-25,Terminale C,Mathématiques,exercise,pratique,faible,32,2,3,0.6085,0.5362,0.5897,6,1,1,synthetic
ELV-a7bca68d6b,2026-02-17,Terminale C,Physique-Chimie,laboratory,pratique,faible,34,1,1,0.7102,0.6242,0.7615,3,0,0,synthetic
ELV-a7bca68d6b,2026-02-06,Terminale C,SVT,exam,pratique,faible,33,2,2,0.611,0.5988,0.7154,2,0,0,synthetic
ELV-a7bca68d6b,2026-02-09,Terminale C,Mathématiques,exercise,pratique,faible,33,2,1,0.6941,0.7217,0.8198,15,1,1,synthetic
ELV-c01da90996,2026-01-09,Terminale C,Mathématiques,exercise,auditif,bonne,22,3,2,0.3315,0.3293,0.377,22,0,1,synthetic
ELV-c01da90996,2026-01-13,Terminale C,Physique-Chimie,exercise,auditif,bonne,38,1,0,0.662,0.4907,0.5651,4,1,1,synthetic
ELV-c01da90996,2026-01-15,Terminale C,SVT,course,auditif,bonne,20,2,2,0.6306,0.5361,0.6211,8,1,0,synthetic
ELV-c01da90996,2026-01-24,Terminale C,Mathématiques,course,auditif,bonne,18,2,3,0.4383,0.4303,0.483,35,0,1,synthetic
ELV-c01da90996,2026-01-25,Terminale C,Physique-Chimie,course,auditif,bonne,41,3,2,0.6752,0.4609,0.5271,10,1,1,synthetic
ELV-c01da90996,2026-02-04,Terminale C,SVT,laboratory,auditif,bonne,24,3,1,0.5532,0.4428,0.4751,7,1,1,synthetic
ELV-c01da90996,2026-02-24,Terminale C,Mathématiques,exercise,auditif,bonne,30,3,3,0.3443,0.3386,0.3733,5,0,1,synthetic
ELV-c01da90996,2026-02-09,Terminale C,Physique-Chimie,laboratory,auditif,bonne,22,3,1,0.459,0.3821,0.4944,25,1,1,synthetic
ELV-d1196c9991,2026-01-08,Terminale D,Physique-Chimie,course,pratique,moyenne,51,3,1,0.3964,0.3366,0.4095,31,1,1,synthetic
ELV-d1196c9991,2026-01-13,Terminale D,SVT,exercise,pratique,moyenne,47,5,2,0.4826,0.359,0.3968,9,1,1,synthetic
ELV-d1196c9991,2026-01-17,Terminale D,Mathématiques,exam,pratique,moyenne,30,1,3,0.5228,0.37,0.4008,5,1,1,synthetic
ELV-d1196c9991,2026-01-24,Terminale D,Physique-Chimie,exercise,pratique,moyenne,31,3,2,0.434,0.2098,0.2552,8,0,1,synthetic
ELV-d1196c9991,2026-01-21,Terminale D,SVT,exam,pratique,moyenne,44,2,1,0.4516,0.4411,0.4927,0,1,1,synthetic
ELV-d1196c9991,2026-02-17,Terminale D,Mathématiques,exercise,pratique,moyenne,33,2,2,0.5111,0.4584,0.5255,0,0,1,synthetic
ELV-d1196c9991,2026-02-25,Terminale D,Physique-Chimie,exercise,pratique,moyenne,20,2,2,0.5204,0.5351,0.6251,46,1,1,synthetic
ELV-d1196c9991,2026-02-06,Terminale D,SVT,exam,pratique,moyenne,24,2,2,0.6188,0.4617,0.5577,18,1,1,synthetic
ELV-9775d6fd92,2026-01-06,Terminale C,SVT,laboratory,pratique,moyenne,28,2,2,0.772,0.5541,0.6559,1,1,0,synthetic
ELV-9775d6fd92,2026-01-10,Terminale C,Mathématiques,exercise,pratique,moyenne,37,4,3,0.5348,0.5045,0.5338,9,1,1,synthetic
ELV-9775d6fd92,2026-01-21,Terminale C,Physique-Chimie,exam,pratique,moyenne,36,2,3,0.3895,0.3879,0.4606,2,0,1,synthetic
ELV-9775d6fd92,2026-01-18,Terminale C,SVT,exercise,pratique,moyenne,33,2,1,0.7226,0.5631,0.6976,13,0,0,synthetic
ELV-9775d6fd92,2026-01-30,Terminale C,Mathématiques,exam,pratique,moyenne,32,3,2,0.5158,0.4465,0.5175,1,0,1,synthetic
ELV-9775d6fd92,2026-02-07,Terminale C,Physique-Chimie,course,pratique,moyenne,50,3,3,0.5163,0.4034,0.4597,0,0,1,synthetic
ELV-9775d6fd92,2026-02-14,Terminale C,SVT,course,pratique,moyenne,33,2,0,0.7842,0.5876,0.6504,12,1,0,synthetic
ELV-9775d6fd92,2026-02-19,Terminale C,Mathématiques,course,pratique,moyenne,39,1,1,0.5468,0.4863,0.6138,1,1,1,synthetic
ELV-c272b0dc84,2026-01-07,3e,Mathématiques,exercise,visuel,bonne,57,3,2,0.9416,0.7023,0.8034,13,0,0,synthetic
ELV-c272b0dc84,2026-01-12,3e,Physique-Chimie,exercise,visuel,bonne,27,1,0,0.7987,0.6708,0.7911,8,1,0,synthetic
ELV-c272b0dc84,2026-01-21,3e,SVT,exercise,visuel,bonne,23,3,2,0.4931,0.5415,0.6181,1,0,1,synthetic
ELV-c272b0dc84,2026-01-25,3e,Mathématiques,exercise,visuel,bonne,42,3,2,0.6495,0.5555,0.6585,4,1,0,synthetic
ELV-c272b0dc84,2026-02-01,3e,Physique-Chimie,laboratory,visuel,bonne,38,1,2,0.7808,0.6101,0.7296,7,1,0,synthetic
ELV-c272b0dc84,2026-02-14,3e,SVT,exercise,visuel,bonne,29,1,1,0.775,0.6333,0.6834,3,1,0,synthetic
ELV-c272b0dc84,2026-01-23,3e,Mathématiques,exercise,visuel,bonne,16,2,2,0.5935,0.5001,0.5573,3,1,1,synthetic
ELV-c272b0dc84,2026-02-10,3e,Physique-Chimie,exercise,visuel,bonne,28,1,1,0.7167,0.635,0.7442,0,1,0,synthetic
ELV-feca5b2cd6,2026-01-05,3e,Physique-Chimie,exercise,visuel,bonne,40,2,1,0.7984,0.6787,0.7435,10,1,0,synthetic
ELV-feca5b2cd6,2026-01-11,3e,SVT,exercise,visuel,bonne,32,1,0,1.0,0.8021,0.9491,29,1,1,synthetic
ELV-feca5b2cd6,2026-01-22,3e,Mathématiques,exercise,visuel,bonne,31,3,3,0.6731,0.6018,0.662,0,1,0,synthetic
ELV-feca5b2cd6,2026-01-28,3e,Physique-Chimie,course,visuel,bonne,30,4,1,1.0,0.787,0.9122,6,1,0,synthetic
ELV-feca5b2cd6,2026-01-30,3e,SVT,exam,visuel,bonne,25,1,0,1.0,0.8779,1.0,27,1,1,synthetic
ELV-feca5b2cd6,2026-02-13,3e,Mathématiques,course,visuel,bonne,36,2,1,0.6654,0.6373,0.7058,25,1,1,synthetic
ELV-feca5b2cd6,2026-02-11,3e,Physique-Chimie,course,visuel,bonne,17,1,2,0.5513,0.6049,0.7265,2,1,0,synthetic
ELV-feca5b2cd6,2026-01-30,3e,SVT,course,visuel,bonne,36,2,1,1.0,0.7945,0.8785,16,1,1,synthetic
ELV-bd32107155,2026-01-09,Terminale D,SVT,laboratory,auditif,faible,33,2,3,0.4652,0.5189,0.5624,9,1,1,synthetic
ELV-bd32107155,2026-01-11,Terminale D,Mathématiques,laboratory,auditif,faible,24,2,1,0.5137,0.4835,0.5981,1,1,1,synthetic
ELV-bd32107155,2026-01-14,Terminale D,Physique-Chimie,exam,auditif,faible,23,2,1,0.6717,0.5126,0.6094,4,1,0,synthetic
ELV-bd32107155,2026-01-31,Terminale D,SVT,exercise,auditif,faible,35,2,2,0.5666,0.5131,0.5709,3,0,1,synthetic
ELV-bd32107155,2026-02-06,Terminale D,Mathématiques,course,auditif,faible,29,3,1,0.4303,0.3806,0.4175,6,1,1,synthetic
ELV-bd32107155,2026-01-29,Terminale D,Physique-Chimie,exam,auditif,faible,34,3,2,0.4597,0.3664,0.4399,2,0,1,synthetic
ELV-bd32107155,2026-02-07,Terminale D,SVT,exercise,auditif,faible,26,1,2,0.6331,0.6569,0.7549,2,0,0,synthetic
ELV-bd32107155,2026-02-12,Terminale D,Mathématiques,exercise,auditif,faible,35,2,3,0.4784,0.4425,0.512,3,0,1,synthetic
ELV-8a12c6374b,2026-01-07,3e,Mathématiques,exam,pratique,faible,7,3,1,0.3309,0.3437,0.4031,8,1,1,synthetic
ELV-8a12c6374b,2026-01-14,3e,Physique-Chimie,exercise,pratique,faible,41,3,1,0.4669,0.4031,0.4018,3,0,1,synthetic
ELV-8a12c6374b,2026-01-21,3e,SVT,course,pratique,faible,41,4,1,0.4667,0.4101,0.5082,11,1,1,synthetic
ELV-8a12c6374b,2026-01-28,3e,Mathématiques,exercise,pratique,faible,45,2,2,0.5347,0.4649,0.5099,1,1,1,synthetic
ELV-8a12c6374b,2026-02-02,3e,Physique-Chimie,exercise,pratique,faible,27,3,1,0.3146,0.3702,0.3755,13,1,1,synthetic
ELV-8a12c6374b,2026-02-10,3e,SVT,exam,pratique,faible,27,2,1,0.3531,0.3072,0.3879,4,0,1,synthetic
ELV-8a12c6374b,2026-02-08,3e,Mathématiques,course,pratique,faible,26,4,2,0.362,0.3899,0.4443,9,0,1,synthetic
ELV-8a12c6374b,2026-02-25,3e,Physique-Chimie,course,pratique,faible,22,4,2,0.328,0.3202,0.3599,40,1,1,synthetic
ELV-424d521d1b,2026-01-08,Terminale D,Physique-Chimie,exercise,pratique,bonne,17,1,0,0.9409,0.7734,0.9544,15,1,1,synthetic
ELV-424d521d1b,2026-01-10,Terminale D,SVT,exercise,pratique,bonne,8,1,0,1.0,0.8318,1.0,10,1,0,synthetic
ELV-424d521d1b,2026-01-21,Terminale D,Mathématiques,course,pratique,bonne,16,2,0,0.9473,0.7294,0.8467,3,1,0,synthetic
ELV-424d521d1b,2026-01-15,Terminale D,Physique-Chimie,exercise,pratique,bonne,19,2,2,1.0,0.9219,1.0,11,1,0,synthetic
ELV-424d521d1b,2026-02-08,Terminale D,SVT,laboratory,pratique,bonne,32,1,0,0.9273,0.8995,1.0,18,1,1,synthetic
ELV-424d521d1b,2026-02-17,Terminale D,Mathématiques,exercise,pratique,bonne,24,1,1,0.9876,0.8183,0.9581,7,1,0,synthetic
ELV-424d521d1b,2026-02-22,Terminale D,Physique-Chimie,course,pratique,bonne,52,2,1,0.9224,0.8681,0.9899,7,1,0,synthetic
ELV-424d521d1b,2026-02-20,Terminale D,SVT,exercise,pratique,bonne,24,2,1,1.0,0.9623,1.0,3,1,0,synthetic
ELV-e46deb1dca,2026-01-08,Terminale C,SVT,exercise,pratique,moyenne,44,1,1,0.9039,0.8926,0.9961,0,1,0,synthetic
ELV-e46deb1dca,2026-01-12,Terminale C,Mathématiques,laboratory,pratique,moyenne,20,2,1,0.6994,0.7578,0.8445,3,1,0,synthetic
ELV-e46deb1dca,2026-01-17,Terminale C,Physique-Chimie,course,pratique,moyenne,19,1,2,1.0,0.82,0.9871,0,1,0,synthetic
ELV-e46deb1dca,2026-01-24,Terminale C,SVT,course,pratique,moyenne,16,1,0,1.0,0.9646,1.0,24,1,1,synthetic
ELV-e46deb1dca,2026-02-04,Terminale C,Mathématiques,laboratory,pratique,moyenne,21,1,0,1.0,0.8691,1.0,6,1,0,synthetic
ELV-e46deb1dca,2026-01-22,Terminale C,Physique-Chimie,laboratory,pratique,moyenne,38,1,1,0.9444,0.8778,1.0,19,1,1,synthetic
ELV-e46deb1dca,2026-02-20,Terminale C,SVT,exercise,pratique,moyenne,29,2,1,0.9518,0.8501,0.9957,2,1,0,synthetic
ELV-e46deb1dca,2026-02-04,Terminale C,Mathématiques,laboratory,pratique,moyenne,33,2,2,0.8299,0.8039,0.919,17,1,1,synthetic
ELV-e507ef6693,2026-01-09,Terminale C,Mathématiques,course,pratique,bonne,39,3,2,0.7652,0.6913,0.778,4,1,0,synthetic
ELV-e507ef6693,2026-01-15,Terminale C,Physique-Chimie,laboratory,pratique,bonne,30,1,1,0.771,0.5937,0.7189,4,1,0,synthetic
ELV-e507ef6693,2026-01-12,Terminale C,SVT,laboratory,pratique,bonne,38,3,1,0.8695,0.7096,0.8295,3,1,0,synthetic
ELV-e507ef6693,2026-01-26,Terminale C,Mathématiques,laboratory,pratique,bonne,16,3,2,0.731,0.6911,0.8177,12,1,0,synthetic
ELV-e507ef6693,2026-01-29,Terminale C,Physique-Chimie,course,pratique,bonne,31,4,2,0.8147,0.775,0.8144,6,1,0,synthetic
ELV-e507ef6693,2026-02-17,Terminale C,SVT,course,pratique,bonne,23,1,1,0.8337,0.7125,0.818,9,1,0,synthetic
ELV-e507ef6693,2026-02-20,Terminale C,Mathématiques,exercise,pratique,bonne,31,1,0,0.8801,0.7655,0.8785,29,1,1,synthetic
ELV-e507ef6693,2026-02-10,Terminale C,Physique-Chimie,exercise,pratique,bonne,39,3,2,0.9291,0.7059,0.8183,6,1,0,synthetic
ELV-4d2efac767,2026-01-08,Terminale C,Physique-Chimie,exercise,visuel,bonne,27,4,2,0.5044,0.3456,0.4006,3,1,1,synthetic
ELV-4d2efac767,2026-01-13,Terminale C,SVT,course,visuel,bonne,36,2,2,0.3744,0.2736,0.27,12,0,1,synthetic
ELV-4d2efac767,2026-01-17,Terminale C,Mathématiques,laboratory,visuel,bonne,39,2,2,0.4578,0.3757,0.45,5,1,1,synthetic
ELV-4d2efac767,2026-01-27,Terminale C,Physique-Chimie,exercise,visuel,bonne,35,1,3,0.3015,0.2421,0.2898,40,1,1,synthetic
ELV-4d2efac767,2026-01-20,Terminale C,SVT,course,visuel,bonne,33,2,3,0.4287,0.4081,0.4495,35,0,1,synthetic
ELV-4d2efac767,2026-01-28,Terminale C,Mathématiques,exercise,visuel,bonne,31,2,2,0.3669,0.2577,0.3068,11,1,1,synthetic
ELV-4d2efac767,2026-01-24,Terminale C,Physique-Chimie,exam,visuel,bonne,34,4,2,0.4966,0.4303,0.5205,5,1,1,synthetic
ELV-4d2efac767,2026-01-26,Terminale C,SVT,exercise,visuel,bonne,34,2,2,0.4981,0.4723,0.5292,9,1,1,synthetic
ELV-2a0f3355d1,2026-01-09,Terminale C,SVT,course,visuel,moyenne,30,2,1,0.7636,0.6889,0.791,0,1,0,synthetic
ELV-2a0f3355d1,2026-01-11,Terminale C,Mathématiques,exam,visuel,moyenne,28,3,1,0.563,0.5856,0.6364,0,1,0,synthetic
ELV-2a0f3355d1,2026-01-23,Terminale C,Physique-Chimie,course,visuel,moyenne,24,1,2,0.5567,0.471,0.5638,7,1,1,synthetic
ELV-2a0f3355d1,2026-01-28,Terminale C,SVT,exam,visuel,moyenne,46,3,2,0.6112,0.4965,0.6031,1,1,0,synthetic
ELV-2a0f3355d1,2026-01-23,Terminale C,Mathématiques,laboratory,visuel,moyenne,23,3,1,0.639,0.5652,0.6476,12,1,0,synthetic
ELV-2a0f3355d1,2026-02-13,Terminale C,Physique-Chimie,course,visuel,moyenne,16,1,2,0.5639,0.5776,0.6555,0,1,0,synthetic
ELV-2a0f3355d1,2026-01-30,Terminale C,SVT,exam,visuel,moyenne,38,3,1,0.5757,0.5486,0.6005,3,1,0,synthetic
ELV-2a0f3355d1,2026-02-27,Terminale C,Mathématiques,course,visuel,moyenne,36,2,1,0.5012,0.4845,0.618,1,1,1,synthetic
ELV-232429ec40,2026-01-09,3e,Mathématiques,course,visuel,faible,29,1,1,0.8571,0.7659,0.883,10,0,0,synthetic
ELV-232429ec40,2026-01-10,3e,Physique-Chimie,exercise,visuel,faible,14,1,0,0.7313,0.6938,0.8187,6,0,0,synthetic
ELV-232429ec40,2026-01-21,3e,SVT,course,visuel,faible,27,3,1,0.7354,0.7462,0.8278,1,0,0,synthetic
ELV-232429ec40,2026-01-30,3e,Mathématiques,laboratory,visuel,faible,24,2,0,0.789,0.7343,0.8485,9,1,0,synthetic
ELV-232429ec40,2026-01-31,3e,Physique-Chimie,laboratory,visuel,faible,18,1,1,0.7006,0.8307,0.9643,3,0,0,synthetic
ELV-232429ec40,2026-01-31,3e,SVT,exercise,visuel,faible,17,1,0,0.9954,0.8697,1.0,38,1,1,synthetic
ELV-232429ec40,2026-01-29,3e,Mathématiques,course,visuel,faible,22,2,0,0.9063,0.7239,0.8768,6,1,0,synthetic
ELV-232429ec40,2026-01-28,3e,Physique-Chimie,course,visuel,faible,22,1,1,0.876,0.8558,0.9399,0,1,0,synthetic
ELV-e603dae6f4,2026-01-07,Terminale C,Physique-Chimie,laboratory,auditif,bonne,32,3,2,0.5227,0.3659,0.426,1,1,1,synthetic
ELV-e603dae6f4,2026-01-12,Terminale C,SVT,exam,auditif,bonne,27,1,2,0.449,0.3316,0.3863,8,0,1,synthetic
ELV-e603dae6f4,2026-01-19,Terminale C,Mathématiques,exam,auditif,bonne,33,2,2,0.432,0.2424,0.2614,9,0,1,synthetic
ELV-e603dae6f4,2026-01-26,Terminale C,Physique-Chimie,course,auditif,bonne,45,4,1,0.4046,0.278,0.3434,1,0,1,synthetic
ELV-e603dae6f4,2026-02-06,Terminale C,SVT,exercise,auditif,bonne,35,3,2,0.4096,0.3119,0.3639,7,1,1,synthetic
ELV-e603dae6f4,2026-02-02,Terminale C,Mathématiques,exercise,auditif,bonne,36,3,2,0.2488,0.2715,0.2774,26,1,1,synthetic
ELV-e603dae6f4,2026-01-31,Terminale C,Physique-Chimie,laboratory,auditif,bonne,28,2,2,0.3727,0.3425,0.3881,19,1,1,synthetic
ELV-e603dae6f4,2026-02-18,Terminale C,SVT,course,auditif,bonne,42,4,2,0.4414,0.3645,0.4051,6,1,1,synthetic
ELV-b4053b7d16,2026-01-05,Terminale D,SVT,course,visuel,moyenne,44,3,2,0.5846,0.4752,0.6012,5,1,0,synthetic
ELV-b4053b7d16,2026-01-12,Terminale D,Mathématiques,exam,visuel,moyenne,26,1,2,0.833,0.6437,0.6727,35,1,1,synthetic
ELV-b4053b7d16,2026-01-22,Terminale D,Physique-Chimie,course,visuel,moyenne,10,2,3,0.3937,0.4914,0.5353,1,1,1,synthetic
ELV-b4053b7d16,2026-01-30,Terminale D,SVT,course,visuel,moyenne,36,3,1,0.685,0.5825,0.6785,7,1,0,synthetic
ELV-b4053b7d16,2026-02-02,Terminale D,Mathématiques,course,visuel,moyenne,28,2,1,0.7708,0.5954,0.7232,26,1,1,synthetic
ELV-b4053b7d16,2026-02-07,Terminale D,Physique-Chimie,course,visuel,moyenne,29,2,1,0.5454,0.3689,0.4545,1,1,1,synthetic
ELV-b4053b7d16,2026-02-07,Terminale D,SVT,exercise,visuel,moyenne,32,3,3,0.4413,0.4835,0.5095,17,1,1,synthetic
ELV-b4053b7d16,2026-02-02,Terminale D,Mathématiques,exam,visuel,moyenne,25,2,2,0.4981,0.4777,0.539,1,1,1,synthetic
ELV-0097f71cbb,2026-01-07,3e,Mathématiques,exercise,pratique,faible,30,3,2,0.3609,0.2695,0.3034,1,0,1,synthetic
ELV-0097f71cbb,2026-01-12,3e,Physique-Chimie,course,pratique,faible,38,3,1,0.6384,0.3879,0.5187,0,0,1,synthetic
ELV-0097f71cbb,2026-01-18,3e,SVT,exercise,pratique,faible,37,4,3,0.2476,0.204,0.2885,3,1,1,synthetic
ELV-0097f71cbb,2026-01-19,3e,Mathématiques,course,pratique,faible,36,4,3,0.1485,0.2069,0.2402,2,0,1,synthetic
ELV-0097f71cbb,2026-02-04,3e,Physique-Chimie,course,pratique,faible,22,3,3,0.1171,0.1555,0.1544,4,1,1,synthetic
ELV-0097f71cbb,2026-02-10,3e,SVT,exam,pratique,faible,36,2,2,0.3495,0.3323,0.3776,9,1,1,synthetic
ELV-0097f71cbb,2026-02-04,3e,Mathématiques,exam,pratique,faible,39,2,3,0.375,0.2934,0.3478,5,1,1,synthetic
ELV-0097f71cbb,2026-02-26,3e,Physique-Chimie,exam,pratique,faible,28,2,3,0.1194,0.1501,0.1056,5,1,1,synthetic
ELV-0a6745e2ee,2026-01-08,Terminale D,Physique-Chimie,exam,pratique,moyenne,17,2,2,0.8786,0.7598,0.8692,1,1,0,synthetic
ELV-0a6745e2ee,2026-01-11,Terminale D,SVT,exam,pratique,moyenne,26,2,1,0.7779,0.6587,0.7594,0,0,0,synthetic
ELV-0a6745e2ee,2026-01-11,Terminale D,Mathématiques,course,pratique,moyenne,36,1,1,0.7991,0.7525,0.8272,1,1,0,synthetic
ELV-0a6745e2ee,2026-01-27,Terminale D,Physique-Chimie,laboratory,pratique,moyenne,40,2,2,0.771,0.7376,0.8862,29,0,1,synthetic
ELV-0a6745e2ee,2026-02-05,Terminale D,SVT,exercise,pratique,moyenne,33,3,2,0.9398,0.7276,0.8205,1,1,0,synthetic
ELV-0a6745e2ee,2026-01-23,Terminale D,Mathématiques,laboratory,pratique,moyenne,24,2,0,0.8142,0.6277,0.7469,17,1,1,synthetic
ELV-0a6745e2ee,2026-02-08,Terminale D,Physique-Chimie,exercise,pratique,moyenne,27,2,1,0.9327,0.7975,0.9312,0,1,0,synthetic
ELV-0a6745e2ee,2026-02-11,Terminale D,SVT,laboratory,pratique,moyenne,32,2,1,1.0,0.8832,1.0,0,1,0,synthetic
ELV-d5e12280f5,2026-01-06,Terminale D,SVT,exercise,visuel,bonne,20,1,2,0.9353,0.8005,0.9195,4,1,0,synthetic
ELV-d5e12280f5,2026-01-11,Terminale D,Mathématiques,exercise,visuel,bonne,42,2,3,0.4289,0.3858,0.4453,2,1,1,synthetic
ELV-d5e12280f5,2026-01-11,Terminale D,Physique-Chimie,exercise,visuel,bonne,23,2,1,0.9261,0.7423,0.8655,6,1,0,synthetic
ELV-d5e12280f5,2026-02-02,Terminale D,SVT,exercise,visuel,bonne,48,5,1,0.9203,0.7452,0.836,3,0,0,synthetic
ELV-d5e12280f5,2026-01-29,Terminale D,Mathématiques,course,visuel,bonne,33,2,2,0.6567,0.627,0.7093,6,1,0,synthetic
ELV-d5e12280f5,2026-02-01,Terminale D,Physique-Chimie,laboratory,visuel,bonne,35,1,1,0.822,0.7349,0.8781,2,1,0,synthetic
ELV-d5e12280f5,2026-02-08,Terminale D,SVT,course,visuel,bonne,29,3,2,0.6899,0.6234,0.6942,19,0,1,synthetic
ELV-d5e12280f5,2026-02-04,Terminale D,Mathématiques,exercise,visuel,bonne,41,1,0,0.7803,0.6991,0.7875,8,0,0,synthetic
ELV-e888f0e0ff,2026-01-09,3e,Mathématiques,exercise,pratique,faible,32,2,2,0.384,0.3787,0.4301,1,0,1,synthetic
ELV-e888f0e0ff,2026-01-09,3e,Physique-Chimie,course,pratique,faible,20,1,1,0.4257,0.448,0.5473,5,1,1,synthetic
ELV-e888f0e0ff,2026-01-20,3e,SVT,exercise,pratique,faible,25,2,2,0.3924,0.3792,0.4567,13,0,1,synthetic
ELV-e888f0e0ff,2026-01-29,3e,Mathématiques,course,pratique,faible,31,2,1,0.3228,0.3334,0.3672,0,0,1,synthetic
ELV-e888f0e0ff,2026-02-10,3e,Physique-Chimie,course,pratique,faible,40,2,1,0.5407,0.6385,0.7096,15,1,1,synthetic
ELV-e888f0e0ff,2026-01-26,3e,SVT,course,pratique,faible,26,3,2,0.4698,0.4243,0.4726,2,1,1,synthetic
ELV-e888f0e0ff,2026-01-24,3e,Mathématiques,exam,pratique,faible,44,3,3,0.1474,0.2886,0.313,8,0,1,synthetic
ELV-e888f0e0ff,2026-03-05,3e,Physique-Chimie,laboratory,pratique,faible,30,3,2,0.35,0.2959,0.3571,1,1,1,synthetic
ELV-5814910c7b,2026-01-07,Terminale C,Physique-Chimie,course,visuel,bonne,9,1,1,0.4437,0.4342,0.4903,9,1,1,synthetic
ELV-5814910c7b,2026-01-14,Terminale C,SVT,exercise,visuel,bonne,27,2,3,0.5826,0.5868,0.646,0,1,0,synthetic
ELV-5814910c7b,2026-01-13,Terminale C,Mathématiques,course,visuel,bonne,35,3,3,0.576,0.3641,0.4784,2,1,1,synthetic
ELV-5814910c7b,2026-01-18,Terminale C,Physique-Chimie,exercise,visuel,bonne,31,2,1,0.7216,0.6525,0.7414,0,1,0,synthetic
ELV-5814910c7b,2026-01-31,Terminale C,SVT,laboratory,visuel,bonne,22,1,1,0.7067,0.5813,0.6681,1,1,0,synthetic
ELV-5814910c7b,2026-02-17,Terminale C,Mathématiques,exercise,visuel,bonne,31,2,2,0.7247,0.5989,0.6711,2,1,0,synthetic
ELV-5814910c7b,2026-02-14,Terminale C,Physique-Chimie,exercise,visuel,bonne,42,3,2,0.5418,0.4134,0.4763,0,1,1,synthetic
ELV-5814910c7b,2026-02-24,Terminale C,SVT,laboratory,visuel,bonne,26,1,1,0.7596,0.6583,0.7844,1,1,0,synthetic
ELV-96fac4e526,2026-01-09,Terminale D,SVT,exercise,visuel,moyenne,46,2,2,0.5252,0.4405,0.4962,12,0,1,synthetic
ELV-96fac4e526,2026-01-12,Terminale D,Mathématiques,laboratory,visuel,moyenne,33,2,3,0.5193,0.3716,0.4591,5,0,1,synthetic
ELV-96fac4e526,2026-01-22,Terminale D,Physique-Chimie,exam,visuel,moyenne,41,3,2,0.438,0.3202,0.3787,0,1,1,synthetic
ELV-96fac4e526,2026-01-18,Terminale D,SVT,exercise,visuel,moyenne,41,2,2,0.5638,0.4354,0.5277,2,1,1,synthetic
ELV-96fac4e526,2026-02-10,Terminale D,Mathématiques,exam,visuel,moyenne,49,6,3,0.3194,0.2426,0.2705,8,0,1,synthetic
ELV-96fac4e526,2026-01-30,Terminale D,Physique-Chimie,exam,visuel,moyenne,48,3,2,0.5973,0.4744,0.5551,1,1,1,synthetic
ELV-96fac4e526,2026-02-04,Terminale D,SVT,laboratory,visuel,moyenne,49,3,2,0.3627,0.4074,0.5325,1,0,1,synthetic
ELV-96fac4e526,2026-02-06,Terminale D,Mathématiques,exercise,visuel,moyenne,33,2,2,0.4649,0.3304,0.3645,31,1,1,synthetic
ELV-0c56f8ce39,2026-01-07,Terminale D,Mathématiques,exercise,auditif,bonne,43,2,2,0.4419,0.3285,0.391,10,1,1,synthetic
ELV-0c56f8ce39,2026-01-15,Terminale D,Physique-Chimie,course,auditif,bonne,28,2,3,0.5084,0.5101,0.5621,3,1,1,synthetic
ELV-0c56f8ce39,2026-01-20,Terminale D,SVT,exercise,auditif,bonne,37,2,2,0.5482,0.5232,0.6302,3,0,1,synthetic
ELV-0c56f8ce39,2026-01-22,Terminale D,Mathématiques,course,auditif,bonne,17,2,3,0.2079,0.3225,0.3614,13,0,1,synthetic
ELV-0c56f8ce39,2026-01-20,Terminale D,Physique-Chimie,exam,auditif,bonne,31,3,2,0.5037,0.3988,0.4224,8,1,1,synthetic
ELV-0c56f8ce39,2026-02-11,Terminale D,SVT,exercise,auditif,bonne,23,1,2,0.6729,0.5272,0.6293,17,0,1,synthetic
ELV-0c56f8ce39,2026-02-22,Terminale D,Mathématiques,exercise,auditif,bonne,41,4,1,0.6004,0.3874,0.4796,10,1,1,synthetic
ELV-0c56f8ce39,2026-02-11,Terminale D,Physique-Chimie,course,auditif,bonne,12,1,2,0.6315,0.527,0.6328,1,0,0,synthetic
ELV-f9c597cd88,2026-01-09,3e,Physique-Chimie,exercise,auditif,moyenne,35,2,3,0.3681,0.3718,0.3859,3,0,1,synthetic
ELV-f9c597cd88,2026-01-11,3e,SVT,laboratory,auditif,moyenne,10,3,3,0.1441,0.24,0.2994,2,0,1,synthetic
ELV-f9c597cd88,2026-01-17,3e,Mathématiques,exercise,auditif,moyenne,36,2,2,0.6533,0.4854,0.5463,12,1,1,synthetic
ELV-f9c597cd88,2026-01-20,3e,Physique-Chimie,exercise,auditif,moyenne,52,3,2,0.5321,0.4136,0.5029,0,1,1,synthetic
ELV-f9c597cd88,2026-02-08,3e,SVT,laboratory,auditif,moyenne,18,2,2,0.2083,0.2854,0.3285,3,0,1,synthetic
ELV-f9c597cd88,2026-02-01,3e,Mathématiques,exercise,auditif,moyenne,36,3,2,0.3025,0.2374,0.2667,4,0,1,synthetic
ELV-f9c597cd88,2026-02-13,3e,Physique-Chimie,course,auditif,moyenne,23,3,2,0.4865,0.3599,0.4407,0,1,1,synthetic
ELV-f9c597cd88,2026-02-04,3e,SVT,exam,auditif,moyenne,26,3,1,0.4415,0.4073,0.4678,0,1,1,synthetic
ELV-b5102e1a24,2026-01-09,3e,SVT,course,auditif,moyenne,43,3,1,0.6011,0.5447,0.6396,0,1,0,synthetic
ELV-b5102e1a24,2026-01-15,3e,Mathématiques,exam,auditif,moyenne,28,4,2,0.6644,0.4947,0.591,9,1,1,synthetic
ELV-b5102e1a24,2026-01-20,3e,Physique-Chimie,course,auditif,moyenne,38,2,2,0.8158,0.6235,0.7321,1,1,0,synthetic
ELV-b5102e1a24,2026-01-23,3e,SVT,exercise,auditif,moyenne,22,2,1,0.3749,0.3141,0.3483,4,0,1,synthetic
ELV-b5102e1a24,2026-02-01,3e,Mathématiques,laboratory,auditif,moyenne,38,3,2,0.4496,0.3344,0.3882,0,1,1,synthetic
ELV-b5102e1a24,2026-02-16,3e,Physique-Chimie,exercise,auditif,moyenne,32,2,1,0.5596,0.4841,0.5775,0,1,1,synthetic
ELV-b5102e1a24,2026-01-23,3e,SVT,laboratory,auditif,moyenne,37,2,1,0.6446,0.4699,0.5561,0,1,1,synthetic
ELV-b5102e1a24,2026-02-12,3e,Mathématiques,course,auditif,moyenne,25,1,2,0.5883,0.5243,0.624,2,1,0,synthetic
ELV-3e0d4aeddb,2026-01-05,Terminale D,Mathématiques,exercise,visuel,bonne,27,3,2,0.384,0.2601,0.2951,1,0,1,synthetic
ELV-3e0d4aeddb,2026-01-14,Terminale D,Physique-Chimie,exercise,visuel,bonne,37,3,2,0.5843,0.475,0.5666,3,1,1,synthetic
ELV-3e0d4aeddb,2026-01-13,Terminale D,SVT,exam,visuel,bonne,35,3,2,0.5665,0.5176,0.5718,0,1,1,synthetic
ELV-3e0d4aeddb,2026-01-21,Terminale D,Mathématiques,exercise,visuel,bonne,30,1,2,0.6083,0.4091,0.4662,15,0,1,synthetic
ELV-3e0d4aeddb,2026-02-01,Terminale D,Physique-Chimie,laboratory,visuel,bonne,29,5,2,0.3861,0.3007,0.3899,0,1,1,synthetic
ELV-3e0d4aeddb,2026-02-02,Terminale D,SVT,exam,visuel,bonne,43,2,2,0.6801,0.5188,0.6262,4,1,0,synthetic
ELV-3e0d4aeddb,2026-02-19,Terminale D,Mathématiques,course,visuel,bonne,44,2,2,0.4706,0.3608,0.3753,0,1,1,synthetic
ELV-3e0d4aeddb,2026-03-06,Terminale D,Physique-Chimie,course,visuel,bonne,38,3,2,0.5406,0.4606,0.5176,1,1,1,synthetic
ELV-e8ded3c822,2026-01-06,3e,Physique-Chimie,laboratory,visuel,faible,39,2,3,0.4763,0.5161,0.5941,1,1,1,synthetic
ELV-e8ded3c822,2026-01-14,3e,SVT,course,visuel,faible,33,1,1,0.8147,0.6333,0.7547,1,1,0,synthetic
ELV-e8ded3c822,2026-01-15,3e,Mathématiques,exercise,visuel,faible,35,3,2,0.4698,0.4734,0.4862,4,1,1,synthetic
ELV-e8ded3c822,2026-01-26,3e,Physique-Chimie,laboratory,visuel,faible,39,3,2,0.526,0.4381,0.5424,3,1,1,synthetic
ELV-e8ded3c822,2026-02-07,3e,SVT,exercise,visuel,faible,50,3,2,0.3276,0.3941,0.4368,4,0,1,synthetic
ELV-e8ded3c822,2026-02-16,3e,Mathématiques,laboratory,visuel,faible,25,2,2,0.5955,0.5173,0.6511,3,1,0,synthetic
ELV-e8ded3c822,2026-02-06,3e,Physique-Chimie,course,visuel,faible,36,3,3,0.471,0.5191,0.5769,3,1,1,synthetic
ELV-e8ded3c822,2026-02-02,3e,SVT,laboratory,visuel,faible,41,2,2,0.4432,0.5347,0.6009,4,1,1,synthetic
ELV-3ed3db8250,2026-01-09,Terminale C,SVT,exercise,auditif,faible,29,2,0,0.7285,0.6856,0.8173,4,1,0,synthetic
ELV-3ed3db8250,2026-01-13,Terminale C,Mathématiques,exercise,auditif,faible,39,1,0,0.6688,0.7782,0.9378,7,1,0,synthetic
ELV-3ed3db8250,2026-01-11,Terminale C,Physique-Chimie,exercise,auditif,faible,37,4,1,0.6764,0.6456,0.7297,9,0,0,synthetic
ELV-3ed3db8250,2026-01-26,Terminale C,SVT,laboratory,auditif,faible,27,1,1,1.0,0.9405,1.0,14,1,1,synthetic
ELV-3ed3db8250,2026-02-09,Terminale C,Mathématiques,course,auditif,faible,34,2,2,0.7332,0.6876,0.764,6,1,0,synthetic
ELV-3ed3db8250,2026-02-06,Terminale C,Physique-Chimie,course,auditif,faible,28,2,0,1.0,0.9446,1.0,1,1,0,synthetic
ELV-3ed3db8250,2026-02-26,Terminale C,SVT,exercise,auditif,faible,39,1,1,0.9132,0.7982,0.922,0,1,0,synthetic
ELV-3ed3db8250,2026-01-29,Terminale C,Mathématiques,exercise,auditif,faible,36,2,0,0.808,0.8578,0.9635,0,1,0,synthetic
ELV-94e6db2377,2026-01-07,Terminale D,Mathématiques,exercise,visuel,bonne,44,3,2,0.7105,0.5827,0.7151,1,1,0,synthetic
ELV-94e6db2377,2026-01-10,Terminale D,Physique-Chimie,exam,visuel,bonne,35,1,2,0.812,0.6206,0.6835,6,1,0,synthetic
ELV-94e6db2377,2026-01-21,Terminale D,SVT,course,visuel,bonne,41,3,1,0.954,0.7494,0.9096,2,1,0,synthetic
ELV-94e6db2377,2026-01-27,Terminale D,Mathématiques,exam,visuel,bonne,28,2,2,0.6467,0.6001,0.6558,21,1,1,synthetic
ELV-94e6db2377,2026-01-22,Terminale D,Physique-Chimie,laboratory,visuel,bonne,33,2,1,0.9322,0.8213,0.9546,12,1,0,synthetic
ELV-94e6db2377,2026-02-03,Terminale D,SVT,course,visuel,bonne,31,1,1,0.7674,0.5822,0.7103,0,1,0,synthetic
ELV-94e6db2377,2026-02-26,Terminale D,Mathématiques,exercise,visuel,bonne,44,2,2,0.763,0.5669,0.6651,11,1,0,synthetic
ELV-94e6db2377,2026-02-27,Terminale D,Physique-Chimie,exam,visuel,bonne,22,2,1,0.814,0.7153,0.8359,6,1,0,synthetic
ELV-0572785582,2026-01-05,Terminale D,Physique-Chimie,exercise,auditif,moyenne,31,2,3,0.5592,0.4454,0.466,11,1,1,synthetic
ELV-0572785582,2026-01-13,Terminale D,SVT,exercise,auditif,moyenne,37,3,1,0.6893,0.4917,0.5964,1,1,1,synthetic
ELV-0572785582,2026-01-19,Terminale D,Mathématiques,exercise,auditif,moyenne,27,3,2,0.4038,0.4119,0.456,5,1,1,synthetic
ELV-0572785582,2026-01-27,Terminale D,Physique-Chimie,laboratory,auditif,moyenne,22,2,1,0.6987,0.6445,0.7922,8,0,0,synthetic
ELV-0572785582,2026-02-06,Terminale D,SVT,exercise,auditif,moyenne,16,1,0,0.6576,0.6183,0.732,4,1,0,synthetic
ELV-0572785582,2026-02-16,Terminale D,Mathématiques,exam,auditif,moyenne,33,2,2,0.5706,0.5203,0.5798,26,1,1,synthetic
ELV-0572785582,2026-02-24,Terminale D,Physique-Chimie,exercise,auditif,moyenne,33,2,3,0.4771,0.4088,0.4145,5,1,1,synthetic
ELV-0572785582,2026-02-16,Terminale D,SVT,course,auditif,moyenne,54,3,2,0.6792,0.5548,0.6031,0,1,0,synthetic
ELV-e23032f50f,2026-01-06,Terminale C,SVT,laboratory,auditif,bonne,28,1,1,0.8677,0.7113,0.8759,11,1,0,synthetic
ELV-e23032f50f,2026-01-11,Terminale C,Mathématiques,exercise,auditif,bonne,23,2,2,0.9066,0.5239,0.6054,0,1,0,synthetic
ELV-e23032f50f,2026-01-11,Terminale C,Physique-Chimie,course,auditif,bonne,41,3,1,0.7299,0.5609,0.6375,2,1,0,synthetic
ELV-e23032f50f,2026-01-26,Terminale C,SVT,laboratory,auditif,bonne,27,2,1,0.8399,0.656,0.7613,8,1,0,synthetic
ELV-e23032f50f,2026-01-27,Terminale C,Mathématiques,laboratory,auditif,bonne,40,2,1,0.7294,0.4824,0.5823,16,1,1,synthetic
ELV-e23032f50f,2026-01-26,Terminale C,Physique-Chimie,course,auditif,bonne,35,3,3,0.7981,0.5377,0.643,14,1,1,synthetic
ELV-e23032f50f,2026-02-14,Terminale C,SVT,course,auditif,bonne,31,2,1,0.7589,0.6878,0.7862,3,1,0,synthetic
ELV-e23032f50f,2026-02-12,Terminale C,Mathématiques,exam,auditif,bonne,20,1,2,0.7117,0.5093,0.6278,3,1,0,synthetic
ELV-6ff7ce6e4c,2026-01-07,Terminale C,Mathématiques,exam,auditif,moyenne,26,1,3,0.5465,0.4025,0.4785,2,1,1,synthetic
ELV-6ff7ce6e4c,2026-01-16,Terminale C,Physique-Chimie,course,auditif,moyenne,23,2,0,0.5897,0.4606,0.5862,0,1,1,synthetic
ELV-6ff7ce6e4c,2026-01-18,Terminale C,SVT,exercise,auditif,moyenne,48,3,1,0.7656,0.5468,0.6108,13,1,0,synthetic
ELV-6ff7ce6e4c,2026-02-02,Terminale C,Mathématiques,exercise,auditif,moyenne,18,2,1,0.5687,0.4774,0.5334,0,1,1,synthetic
ELV-6ff7ce6e4c,2026-01-23,Terminale C,Physique-Chimie,exercise,auditif,moyenne,23,3,1,0.4835,0.3859,0.4704,3,0,1,synthetic
ELV-6ff7ce6e4c,2026-02-12,Terminale C,SVT,exercise,auditif,moyenne,33,2,0,0.7299,0.5075,0.5814,2,1,1,synthetic
ELV-6ff7ce6e4c,2026-02-20,Terminale C,Mathématiques,course,auditif,moyenne,36,3,2,0.4852,0.4026,0.451,4,1,1,synthetic
ELV-6ff7ce6e4c,2026-02-05,Terminale C,Physique-Chimie,exercise,auditif,moyenne,31,4,3,0.4264,0.4878,0.5113,1,1,1,synthetic
ELV-90c872847f,2026-01-06,Terminale C,Physique-Chimie,exercise,pratique,bonne,28,3,3,0.4407,0.4289,0.4822,3,0,1,synthetic
ELV-90c872847f,2026-01-13,Terminale C,SVT,exam,pratique,bonne,26,2,1,0.7915,0.5617,0.651,15,1,1,synthetic
ELV-90c872847f,2026-01-22,Terminale C,Mathématiques,exam,pratique,bonne,31,2,2,0.6873,0.5749,0.6799,8,1,0,synthetic
ELV-90c872847f,2026-01-18,Terminale C,Physique-Chimie,course,pratique,bonne,44,3,3,0.623,0.5079,0.5734,0,0,1,synthetic
ELV-90c872847f,2026-02-08,Terminale C,SVT,exam,pratique,bonne,33,2,3,0.6135,0.4753,0.5086,0,1,1,synthetic
ELV-90c872847f,2026-02-14,Terminale C,Mathématiques,exam,pratique,bonne,36,3,1,0.615,0.4806,0.5635,1,1,1,synthetic
ELV-90c872847f,2026-02-07,Terminale C,Physique-Chimie,exercise,pratique,bonne,28,2,2,0.8306,0.6076,0.7082,4,1,0,synthetic
ELV-90c872847f,2026-01-27,Terminale C,SVT,course,pratique,bonne,38,2,2,0.6918,0.5128,0.6174,0,1,0,synthetic
ELV-09cda06dc7,2026-01-07,Terminale C,SVT,course,pratique,faible,35,2,1,0.8387,0.7688,0.8813,0,0,0,synthetic
ELV-09cda06dc7,2026-01-12,Terminale C,Mathématiques,course,pratique,faible,39,2,2,0.6094,0.5734,0.6842,1,1,0,synthetic
ELV-09cda06dc7,2026-01-11,Terminale C,Physique-Chimie,laboratory,pratique,faible,32,1,2,0.7399,0.67,0.7493,3,1,0,synthetic
ELV-09cda06dc7,2026-01-14,Terminale C,SVT,laboratory,pratique,faible,25,3,0,0.8144,0.6725,0.8118,2,0,0,synthetic
ELV-09cda06dc7,2026-01-26,Terminale C,Mathématiques,laboratory,pratique,faible,41,2,1,0.5775,0.5143,0.6133,39,1,1,synthetic
ELV-09cda06dc7,2026-01-25,Terminale C,Physique-Chimie,laboratory,pratique,faible,26,3,1,0.6903,0.4987,0.5995,18,0,1,synthetic
ELV-09cda06dc7,2026-02-20,Terminale C,SVT,laboratory,pratique,faible,20,1,3,0.6925,0.6319,0.7336,8,0,0,synthetic
ELV-09cda06dc7,2026-03-04,Terminale C,Mathématiques,exam,pratique,faible,32,2,2,0.6396,0.6593,0.733,3,0,0,synthetic
ELV-a1ebb8f128,2026-01-06,Terminale D,Mathématiques,exercise,pratique,moyenne,20,2,4,0.654,0.5624,0.6155,3,1,0,synthetic
ELV-a1ebb8f128,2026-01-17,Terminale D,Physique-Chimie,course,pratique,moyenne,41,1,3,0.6887,0.5909,0.6318,0,1,0,synthetic
ELV-a1ebb8f128,2026-01-17,Terminale D,SVT,course,pratique,moyenne,26,1,2,0.5901,0.6302,0.6698,9,1,0,synthetic
ELV-a1ebb8f128,2026-01-21,Terminale D,Mathématiques,course,pratique,moyenne,41,2,2,0.6831,0.5621,0.6443,0,1,0,synthetic
ELV-a1ebb8f128,2026-01-25,Terminale D,Physique-Chimie,course,pratique,moyenne,32,3,3,0.4121,0.3831,0.3958,6,0,1,synthetic
ELV-a1ebb8f128,2026-01-26,Terminale D,SVT,exercise,pratique,moyenne,22,1,1,0.4375,0.5635,0.6305,6,0,1,synthetic
ELV-a1ebb8f128,2026-02-04,Terminale D,Mathématiques,exercise,pratique,moyenne,27,3,1,0.6667,0.5232,0.6219,3,1,0,synthetic
ELV-a1ebb8f128,2026-01-30,Terminale D,Physique-Chimie,exercise,pratique,moyenne,27,3,2,0.5418,0.5124,0.5629,22,0,1,synthetic
ELV-93295096ab,2026-01-09,3e,Physique-Chimie,course,pratique,faible,23,1,1,0.7682,0.6525,0.7839,2,1,0,synthetic
ELV-93295096ab,2026-01-14,3e,SVT,exercise,pratique,faible,28,2,1,0.9025,0.8074,0.9187,4,1,0,synthetic
ELV-93295096ab,2026-01-17,3e,Mathématiques,exam,pratique,faible,28,3,2,0.7175,0.6739,0.7558,2,1,0,synthetic
ELV-93295096ab,2026-01-15,3e,Physique-Chimie,course,pratique,faible,14,1,1,0.5952,0.6704,0.7669,1,1,0,synthetic
ELV-93295096ab,2026-02-02,3e,SVT,exercise,pratique,faible,19,1,2,0.7604,0.645,0.7497,5,1,0,synthetic
ELV-93295096ab,2026-01-22,3e,Mathématiques,exercise,pratique,faible,30,1,0,0.8327,0.738,0.844,1,1,0,synthetic
ELV-93295096ab,2026-02-19,3e,Physique-Chimie,exam,pratique,faible,36,2,2,0.7015,0.7437,0.8798,8,1,0,synthetic
ELV-93295096ab,2026-02-03,3e,SVT,exercise,pratique,faible,22,1,0,1.0,0.832,0.9822,3,1,0,synthetic
ELV-39af3a189f,2026-01-09,Terminale C,SVT,exercise,pratique,faible,31,2,1,0.5264,0.4467,0.4953,2,1,1,synthetic
ELV-39af3a189f,2026-01-12,Terminale C,Mathématiques,course,pratique,faible,41,2,1,0.5282,0.5078,0.5909,0,0,1,synthetic
ELV-39af3a189f,2026-01-19,Terminale C,Physique-Chimie,course,pratique,faible,34,2,3,0.4246,0.353,0.3976,8,1,1,synthetic
ELV-39af3a189f,2026-01-17,Terminale C,SVT,course,pratique,faible,24,2,1,0.508,0.4964,0.5636,1,0,1,synthetic
ELV-39af3a189f,2026-01-23,Terminale C,Mathématiques,course,pratique,faible,24,1,3,0.3889,0.4074,0.4503,0,0,1,synthetic
ELV-39af3a189f,2026-02-06,Terminale C,Physique-Chimie,exam,pratique,faible,32,2,2,0.5687,0.4791,0.5724,10,1,1,synthetic
ELV-39af3a189f,2026-02-01,Terminale C,SVT,exam,pratique,faible,35,2,1,0.6659,0.567,0.7252,1,1,0,synthetic
ELV-39af3a189f,2026-02-26,Terminale C,Mathématiques,course,pratique,faible,17,1,1,0.4603,0.5364,0.6221,0,0,1,synthetic
ELV-b93fa77580,2026-01-08,3e,Mathématiques,laboratory,auditif,bonne,23,2,0,0.6202,0.573,0.6656,16,1,1,synthetic
ELV-b93fa77580,2026-01-10,3e,Physique-Chimie,laboratory,auditif,bonne,21,3,3,0.5454,0.4688,0.5448,10,1,1,synthetic
ELV-b93fa77580,2026-01-12,3e,SVT,course,auditif,bonne,33,3,1,0.5719,0.4864,0.5584,15,0,1,synthetic
ELV-b93fa77580,2026-01-27,3e,Mathématiques,exercise,auditif,bonne,32,1,1,0.6504,0.4827,0.5664,11,1,1,synthetic
ELV-b93fa77580,2026-02-09,3e,Physique-Chimie,course,auditif,bonne,38,1,0,0.7685,0.5214,0.6342,36,1,1,synthetic
ELV-b93fa77580,2026-02-03,3e,SVT,laboratory,auditif,bonne,23,3,2,0.7028,0.5983,0.6804,6,0,0,synthetic
ELV-b93fa77580,2026-02-11,3e,Mathématiques,exam,auditif,bonne,26,3,2,0.4381,0.3828,0.449,3,0,1,synthetic
ELV-b93fa77580,2026-01-29,3e,Physique-Chimie,course,auditif,bonne,14,2,2,0.5203,0.5445,0.6465,7,1,1,synthetic
ELV-832b120611,2026-01-06,Terminale D,Physique-Chimie,exercise,visuel,moyenne,18,1,1,0.7428,0.5748,0.6402,15,1,1,synthetic
ELV-832b120611,2026-01-11,Terminale D,SVT,course,visuel,moyenne,30,3,0,0.7302,0.5144,0.6103,1,1,0,synthetic
ELV-832b120611,2026-01-16,Terminale D,Mathématiques,exercise,visuel,moyenne,37,3,2,0.7318,0.6112,0.6633,3,1,0,synthetic
ELV-832b120611,2026-01-18,Terminale D,Physique-Chimie,exercise,visuel,moyenne,39,1,1,0.7972,0.7038,0.8128,20,1,1,synthetic
ELV-832b120611,2026-01-23,Terminale D,SVT,exercise,visuel,moyenne,26,1,0,1.0,0.7861,0.9514,3,1,0,synthetic
ELV-832b120611,2026-02-15,Terminale D,Mathématiques,course,visuel,moyenne,19,3,2,0.5597,0.527,0.5884,6,1,1,synthetic
ELV-832b120611,2026-01-26,Terminale D,Physique-Chimie,exercise,visuel,moyenne,42,2,2,0.5754,0.5715,0.6617,15,1,1,synthetic
ELV-832b120611,2026-03-04,Terminale D,SVT,exercise,visuel,moyenne,23,1,2,0.7044,0.7771,0.8281,7,1,0,synthetic
ELV-37a78d640b,2026-01-07,3e,SVT,exercise,visuel,moyenne,31,1,0,1.0,1.0,1.0,20,0,1,synthetic
ELV-37a78d640b,2026-01-15,3e,Mathématiques,exam,visuel,moyenne,16,1,0,0.9859,0.9139,1.0,30,1,1,synthetic
ELV-37a78d640b,2026-01-15,3e,Physique-Chimie,exam,visuel,moyenne,16,2,2,0.7804,0.8336,0.9453,6,1,0,synthetic
ELV-37a78d640b,2026-01-26,3e,SVT,exercise,visuel,moyenne,30,2,0,0.9616,0.803,0.942,15,1,1,synthetic
ELV-37a78d640b,2026-01-26,3e,Mathématiques,exam,visuel,moyenne,31,1,1,0.9661,0.8881,0.9749,10,1,0,synthetic
ELV-37a78d640b,2026-02-15,3e,Physique-Chimie,exercise,visuel,moyenne,30,2,0,0.8327,0.8092,0.9328,4,1,0,synthetic
ELV-37a78d640b,2026-01-25,3e,SVT,course,visuel,moyenne,19,2,1,0.9073,1.0,1.0,37,1,1,synthetic
ELV-37a78d640b,2026-01-27,3e,Mathématiques,exercise,visuel,moyenne,28,1,1,0.9912,0.9083,1.0,18,1,1,synthetic
ELV-14af4ca844,2026-01-06,Terminale D,Mathématiques,course,visuel,bonne,28,2,1,0.8021,0.5879,0.7089,3,1,0,synthetic
ELV-14af4ca844,2026-01-09,Terminale D,Physique-Chimie,exercise,visuel,bonne,34,2,1,0.712,0.5209,0.6538,8,1,0,synthetic
ELV-14af4ca844,2026-01-11,Terminale D,SVT,exercise,visuel,bonne,17,1,1,0.5971,0.4595,0.5498,0,1,1,synthetic
ELV-14af4ca844,2026-01-15,Terminale D,Mathématiques,laboratory,visuel,bonne,33,2,1,0.7301,0.5443,0.676,2,1,0,synthetic
ELV-14af4ca844,2026-02-09,Terminale D,Physique-Chimie,exercise,visuel,bonne,39,2,1,0.7695,0.5046,0.605,1,1,0,synthetic
ELV-14af4ca844,2026-02-14,Terminale D,SVT,exercise,visuel,bonne,13,3,2,0.4926,0.4219,0.4915,0,0,1,synthetic
ELV-14af4ca844,2026-01-27,Terminale D,Mathématiques,course,visuel,bonne,31,5,1,0.6383,0.522,0.6148,11,1,0,synthetic
ELV-14af4ca844,2026-02-09,Terminale D,Physique-Chimie,exercise,visuel,bonne,39,3,2,0.6418,0.4744,0.5416,0,0,1,synthetic
ELV-8fcfd3221a,2026-01-05,3e,Physique-Chimie,exercise,pratique,bonne,19,2,1,0.7967,0.6735,0.7553,17,1,1,synthetic
ELV-8fcfd3221a,2026-01-14,3e,SVT,exercise,pratique,bonne,22,1,0,0.965,0.8491,0.9564,13,1,0,synthetic
ELV-8fcfd3221a,2026-01-13,3e,Mathématiques,exercise,pratique,bonne,21,2,2,0.7433,0.7115,0.8301,8,1,0,synthetic
ELV-8fcfd3221a,2026-01-24,3e,Physique-Chimie,course,pratique,bonne,37,1,2,0.8194,0.6653,0.7959,2,1,0,synthetic
ELV-8fcfd3221a,2026-01-17,3e,SVT,course,pratique,bonne,33,1,1,1.0,0.8777,1.0,1,0,0,synthetic
ELV-8fcfd3221a,2026-01-23,3e,Mathématiques,laboratory,pratique,bonne,35,2,2,0.7249,0.7263,0.8393,13,0,0,synthetic
ELV-8fcfd3221a,2026-02-17,3e,Physique-Chimie,exam,pratique,bonne,41,2,0,0.9511,0.7698,0.9134,3,1,0,synthetic
ELV-8fcfd3221a,2026-02-11,3e,SVT,course,pratique,bonne,33,2,1,0.9142,0.787,0.9205,7,0,0,synthetic
ELV-ffe717f382,2026-01-09,Terminale D,SVT,laboratory,pratique,faible,31,3,0,0.6512,0.5501,0.6632,2,1,0,synthetic
ELV-ffe717f382,2026-01-10,Terminale D,Mathématiques,course,pratique,faible,20,2,1,0.6383,0.5824,0.7105,19,0,1,synthetic
ELV-ffe717f382,2026-01-17,Terminale D,Physique-Chimie,exercise,pratique,faible,28,3,1,0.6742,0.5957,0.6674,2,1,0,synthetic
ELV-ffe717f382,2026-01-21,Terminale D,SVT,exercise,pratique,faible,30,1,1,0.8573,0.6621,0.7778,7,0,0,synthetic
ELV-ffe717f382,2026-01-17,Terminale D,Mathématiques,exercise,pratique,faible,42,2,1,0.6514,0.6076,0.71,40,0,1,synthetic
ELV-ffe717f382,2026-01-28,Terminale D,Physique-Chimie,exam,pratique,faible,37,2,1,0.6829,0.6298,0.7298,31,1,1,synthetic
ELV-ffe717f382,2026-01-29,Terminale D,SVT,laboratory,pratique,faible,27,1,1,0.9238,0.7658,0.8786,1,1,0,synthetic
ELV-ffe717f382,2026-01-28,Terminale D,Mathématiques,course,pratique,faible,30,2,1,0.5842,0.5617,0.6461,2,0,0,synthetic
ELV-a7113fb37e,2026-01-08,3e,Mathématiques,laboratory,visuel,bonne,28,2,1,0.7243,0.642,0.7861,6,1,0,synthetic
ELV-a7113fb37e,2026-01-14,3e,Physique-Chimie,exercise,visuel,bonne,31,3,1,0.8057,0.6782,0.762,2,1,0,synthetic
ELV-a7113fb37e,2026-01-18,3e,SVT,exercise,visuel,bonne,56,2,1,0.8837,0.792,0.9422,0,1,0,synthetic
ELV-a7113fb37e,2026-01-19,3e,Mathématiques,exercise,visuel,bonne,18,2,0,0.8308,0.7037,0.8262,3,1,0,synthetic
ELV-a7113fb37e,2026-02-01,3e,Physique-Chimie,course,visuel,bonne,22,3,0,0.7948,0.7331,0.8831,6,0,0,synthetic
ELV-a7113fb37e,2026-02-11,3e,SVT,exercise,visuel,bonne,40,3,1,0.8507,0.6548,0.7441,3,1,0,synthetic
ELV-a7113fb37e,2026-01-26,3e,Mathématiques,course,visuel,bonne,33,2,1,0.6809,0.6547,0.7549,2,1,0,synthetic
ELV-a7113fb37e,2026-02-03,3e,Physique-Chimie,exercise,visuel,bonne,38,2,1,0.8325,0.7313,0.8325,6,1,0,synthetic
ELV-3adb5c3db8,2026-01-05,3e,Physique-Chimie,course,pratique,bonne,36,3,2,0.5874,0.4841,0.5489,2,1,1,synthetic
ELV-3adb5c3db8,2026-01-12,3e,SVT,laboratory,pratique,bonne,20,4,2,0.5619,0.4622,0.5663,10,1,1,synthetic
ELV-3adb5c3db8,2026-01-17,3e,Mathématiques,laboratory,pratique,bonne,16,4,2,0.3515,0.311,0.3919,5,0,1,synthetic
ELV-3adb5c3db8,2026-01-21,3e,Physique-Chimie,laboratory,pratique,bonne,32,2,1,0.459,0.2982,0.401,1,1,1,synthetic
ELV-3adb5c3db8,2026-02-01,3e,SVT,course,pratique,bonne,34,3,3,0.5691,0.4331,0.4911,7,1,1,synthetic
ELV-3adb5c3db8,2026-01-29,3e,Mathématiques,exercise,pratique,bonne,36,2,2,0.5242,0.3482,0.4087,0,1,1,synthetic
ELV-3adb5c3db8,2026-02-10,3e,Physique-Chimie,exercise,pratique,bonne,37,2,2,0.525,0.4175,0.4547,7,1,1,synthetic
ELV-3adb5c3db8,2026-02-18,3e,SVT,laboratory,pratique,bonne,44,4,3,0.4931,0.4577,0.5583,31,1,1,synthetic
ELV-c4a5c8ce35,2026-01-05,3e,SVT,exercise,pratique,bonne,23,1,1,0.9988,1.0,1.0,8,1,0,synthetic
ELV-c4a5c8ce35,2026-01-11,3e,Mathématiques,course,pratique,bonne,26,1,0,1.0,0.938,1.0,3,1,0,synthetic
ELV-c4a5c8ce35,2026-01-16,3e,Physique-Chimie,course,pratique,bonne,25,1,2,0.9148,0.9258,1.0,11,1,0,synthetic
ELV-c4a5c8ce35,2026-01-30,3e,SVT,laboratory,pratique,bonne,17,1,0,1.0,0.9133,1.0,12,1,0,synthetic
ELV-c4a5c8ce35,2026-01-23,3e,Mathématiques,course,pratique,bonne,35,1,1,1.0,1.0,1.0,6,1,0,synthetic
ELV-c4a5c8ce35,2026-02-05,3e,Physique-Chimie,laboratory,pratique,bonne,35,2,0,1.0,0.904,1.0,0,1,0,synthetic
ELV-c4a5c8ce35,2026-02-20,3e,SVT,laboratory,pratique,bonne,22,1,0,0.997,0.9247,1.0,6,1,0,synthetic
ELV-c4a5c8ce35,2026-02-04,3e,Mathématiques,course,pratique,bonne,22,1,0,1.0,1.0,1.0,2,1,0,synthetic
ELV-1cba171180,2026-01-05,3e,Mathématiques,exam,pratique,moyenne,35,3,2,0.6309,0.5554,0.6146,0,1,0,synthetic
ELV-1cba171180,2026-01-13,3e,Physique-Chimie,laboratory,pratique,moyenne,32,3,1,0.8411,0.7244,0.878,0,1,0,synthetic
ELV-1cba171180,2026-01-21,3e,SVT,laboratory,pratique,moyenne,37,2,1,0.7458,0.6185,0.7558,18,1,1,synthetic
ELV-1cba171180,2026-01-30,3e,Mathématiques,exercise,pratique,moyenne,32,2,1,0.7592,0.6272,0.7319,36,1,1,synthetic
ELV-1cba171180,2026-02-09,3e,Physique-Chimie,exercise,pratique,moyenne,15,2,0,0.6631,0.6073,0.7191,1,1,0,synthetic
ELV-1cba171180,2026-02-11,3e,SVT,course,pratique,moyenne,29,2,1,0.7397,0.6625,0.7417,5,0,0,synthetic
ELV-1cba171180,2026-02-23,3e,Mathématiques,exam,pratique,moyenne,12,1,1,0.7264,0.6063,0.6977,2,1,0,synthetic
ELV-1cba171180,2026-02-20,3e,Physique-Chimie,laboratory,pratique,moyenne,41,1,1,0.7584,0.6302,0.7805,11,1,0,synthetic
ELV-df60d36b15,2026-01-06,Terminale C,Physique-Chimie,exam,pratique,moyenne,31,2,2,0.257,0.1993,0.2821,3,0,1,synthetic
ELV-df60d36b15,2026-01-15,Terminale C,SVT,exercise,pratique,moyenne,15,1,2,0.2756,0.2917,0.309,0,0,1,synthetic
ELV-df60d36b15,2026-01-22,Terminale C,Mathématiques,exercise,pratique,moyenne,26,3,2,0.3609,0.308,0.3909,1,0,1,synthetic
ELV-df60d36b15,2026-01-23,Terminale C,Physique-Chimie,course,pratique,moyenne,40,5,2,0.2799,0.1894,0.2064,10,1,1,synthetic
ELV-df60d36b15,2026-02-01,Terminale C,SVT,laboratory,pratique,moyenne,24,4,3,0.2002,0.123,0.2178,4,0,1,synthetic
ELV-df60d36b15,2026-01-23,Terminale C,Mathématiques,exercise,pratique,moyenne,36,1,1,0.468,0.3232,0.4269,0,1,1,synthetic
ELV-df60d36b15,2026-02-13,Terminale C,Physique-Chimie,exercise,pratique,moyenne,25,2,2,0.3438,0.2335,0.2755,16,0,1,synthetic
ELV-df60d36b15,2026-02-16,Terminale C,SVT,course,pratique,moyenne,38,3,2,0.4333,0.3321,0.3787,7,1,1,synthetic
ELV-91810ab78b,2026-01-06,Terminale D,SVT,course,visuel,moyenne,42,4,2,0.3251,0.1832,0.2291,6,1,1,synthetic
ELV-91810ab78b,2026-01-13,Terminale D,Mathématiques,exam,visuel,moyenne,36,5,3,0.0502,0.0765,0.0626,3,0,1,synthetic
ELV-91810ab78b,2026-01-21,Terminale D,Physique-Chimie,laboratory,visuel,moyenne,40,3,3,0.3369,0.1875,0.2359,8,1,1,synthetic
ELV-91810ab78b,2026-01-21,Terminale D,SVT,course,visuel,moyenne,44,4,4,0.2474,0.1608,0.1956,6,0,1,synthetic
ELV-91810ab78b,2026-01-18,Terminale D,Mathématiques,course,visuel,moyenne,32,3,2,0.2733,0.187,0.2321,6,1,1,synthetic
ELV-91810ab78b,2026-01-23,Terminale D,Physique-Chimie,exercise,visuel,moyenne,31,3,2,0.2777,0.1959,0.2927,1,1,1,synthetic
ELV-91810ab78b,2026-02-02,Terminale D,SVT,exercise,visuel,moyenne,25,3,3,0.2404,0.1699,0.1739,10,0,1,synthetic
ELV-91810ab78b,2026-01-29,Terminale D,Mathématiques,course,visuel,moyenne,29,4,1,0.4584,0.2235,0.3311,7,1,1,synthetic
ELV-0ab069f077,2026-01-08,Terminale D,Mathématiques,exercise,pratique,moyenne,45,3,2,0.3908,0.2897,0.331,26,1,1,synthetic
ELV-0ab069f077,2026-01-14,Terminale D,Physique-Chimie,exercise,pratique,moyenne,42,4,2,0.4762,0.3547,0.3763,25,1,1,synthetic
ELV-0ab069f077,2026-01-20,Terminale D,SVT,course,pratique,moyenne,25,2,2,0.3905,0.3635,0.3816,14,1,1,synthetic
ELV-0ab069f077,2026-01-26,Terminale D,Mathématiques,exam,pratique,moyenne,38,3,1,0.6723,0.5806,0.6521,6,1,0,synthetic
ELV-0ab069f077,2026-01-22,Terminale D,Physique-Chimie,exercise,pratique,moyenne,29,3,2,0.2151,0.2432,0.2957,1,0,1,synthetic
ELV-0ab069f077,2026-02-12,Terminale D,SVT,laboratory,pratique,moyenne,40,2,1,0.6869,0.4663,0.5892,5,1,1,synthetic
ELV-0ab069f077,2026-02-05,Terminale D,Mathématiques,laboratory,pratique,moyenne,35,3,2,0.46,0.3533,0.4175,2,0,1,synthetic
ELV-0ab069f077,2026-01-29,Terminale D,Physique-Chimie,exercise,pratique,moyenne,40,4,2,0.4492,0.2535,0.2855,1,1,1,synthetic
ELV-18a217fd19,2026-01-05,Terminale C,Physique-Chimie,course,visuel,faible,28,4,2,0.4631,0.3568,0.4003,5,0,1,synthetic
ELV-18a217fd19,2026-01-10,Terminale C,SVT,course,visuel,faible,31,3,2,0.3985,0.3562,0.4053,7,0,1,synthetic
ELV-18a217fd19,2026-01-25,Terminale C,Mathématiques,course,visuel,faible,24,2,3,0.3844,0.2989,0.334,17,1,1,synthetic
ELV-18a217fd19,2026-01-27,Terminale C,Physique-Chimie,course,visuel,faible,36,2,3,0.5097,0.4255,0.4937,5,0,1,synthetic
ELV-18a217fd19,2026-01-25,Terminale C,SVT,course,visuel,faible,25,2,1,0.4614,0.4578,0.536,12,1,1,synthetic
ELV-18a217fd19,2026-02-05,Terminale C,Mathématiques,exercise,visuel,faible,30,3,3,0.4029,0.4075,0.4415,5,1,1,synthetic
ELV-18a217fd19,2026-01-25,Terminale C,Physique-Chimie,exercise,visuel,faible,23,1,4,0.3189,0.2943,0.3356,16,1,1,synthetic
ELV-18a217fd19,2026-02-05,Terminale C,SVT,course,visuel,faible,28,2,2,0.5172,0.557,0.6163,1,1,1,synthetic
ELV-e9ba8d72a1,2026-01-09,Terminale C,SVT,exam,auditif,moyenne,40,2,0,1.0,1.0,1.0,0,1,0,synthetic
ELV-e9ba8d72a1,2026-01-14,Terminale C,Mathématiques,course,auditif,moyenne,30,2,1,0.8943,0.8032,0.93,1,1,0,synthetic
ELV-e9ba8d72a1,2026-01-11,Terminale C,Physique-Chimie,laboratory,auditif,moyenne,26,1,1,1.0,0.8793,1.0,2,1,0,synthetic
ELV-e9ba8d72a1,2026-01-22,Terminale C,SVT,exercise,auditif,moyenne,40,1,0,0.9534,0.8087,0.9538,1,1,0,synthetic
ELV-e9ba8d72a1,2026-01-26,Terminale C,Mathématiques,course,auditif,moyenne,35,2,0,1.0,0.8909,1.0,8,1,0,synthetic
ELV-e9ba8d72a1,2026-01-27,Terminale C,Physique-Chimie,exercise,auditif,moyenne,23,1,1,0.8969,0.7837,0.8953,1,1,0,synthetic
ELV-e9ba8d72a1,2026-02-02,Terminale C,SVT,course,auditif,moyenne,43,1,0,0.8171,0.8448,0.9682,0,0,0,synthetic
ELV-e9ba8d72a1,2026-02-20,Terminale C,Mathématiques,exercise,auditif,moyenne,24,1,1,0.8777,0.8209,0.9272,0,1,0,synthetic
ELV-e63141fa70,2026-01-08,3e,Mathématiques,laboratory,auditif,faible,25,2,1,0.7331,0.7176,0.8562,54,1,1,synthetic
ELV-e63141fa70,2026-01-12,3e,Physique-Chimie,exam,auditif,faible,40,1,3,0.6272,0.5757,0.6414,2,1,0,synthetic
ELV-e63141fa70,2026-01-25,3e,SVT,exercise,auditif,faible,29,1,1,0.6877,0.7368,0.8934,8,1,0,synthetic
ELV-e63141fa70,2026-01-16,3e,Mathématiques,exercise,auditif,faible,29,3,2,0.4039,0.5491,0.5906,7,0,1,synthetic
ELV-e63141fa70,2026-02-01,3e,Physique-Chimie,exercise,auditif,faible,30,2,1,0.5774,0.5312,0.6031,16,1,1,synthetic
ELV-e63141fa70,2026-02-08,3e,SVT,course,auditif,faible,21,2,1,0.6531,0.5721,0.6422,11,1,0,synthetic
ELV-e63141fa70,2026-02-23,3e,Mathématiques,course,auditif,faible,23,2,2,0.4187,0.4432,0.4765,13,1,1,synthetic
ELV-e63141fa70,2026-02-12,3e,Physique-Chimie,exercise,auditif,faible,26,3,2,0.5636,0.5111,0.5509,1,0,1,synthetic
ELV-bfe263be9a,2026-01-05,Terminale D,Physique-Chimie,exam,pratique,moyenne,41,4,1,0.6212,0.461,0.4803,3,1,1,synthetic
ELV-bfe263be9a,2026-01-09,Terminale D,SVT,exam,pratique,moyenne,27,3,0,0.603,0.5711,0.7152,8,1,0,synthetic
ELV-bfe263be9a,2026-01-18,Terminale D,Mathématiques,exercise,pratique,moyenne,34,2,2,0.3285,0.3043,0.4043,2,1,1,synthetic
ELV-bfe263be9a,2026-01-27,Terminale D,Physique-Chimie,course,pratique,moyenne,24,1,2,0.4409,0.4379,0.5151,6,0,1,synthetic
ELV-bfe263be9a,2026-01-24,Terminale D,SVT,course,pratique,moyenne,13,1,2,0.4165,0.4059,0.48,3,1,1,synthetic
ELV-bfe263be9a,2026-01-20,Terminale D,Mathématiques,course,pratique,moyenne,30,3,3,0.4641,0.45,0.4716,10,1,1,synthetic
ELV-bfe263be9a,2026-02-08,Terminale D,Physique-Chimie,course,pratique,moyenne,27,2,2,0.6138,0.4707,0.5083,20,1,1,synthetic
ELV-bfe263be9a,2026-01-26,Terminale D,SVT,exercise,pratique,moyenne,34,2,1,0.3777,0.4053,0.4873,3,1,1,synthetic
ELV-266dab6708,2026-01-07,Terminale D,SVT,course,auditif,moyenne,29,2,2,0.7833,0.6911,0.7834,1,1,0,synthetic
ELV-266dab6708,2026-01-13,Terminale D,Mathématiques,exercise,auditif,moyenne,29,3,2,0.4631,0.502,0.5428,3,1,1,synthetic
ELV-266dab6708,2026-01-22,Terminale D,Physique-Chimie,laboratory,auditif,moyenne,38,3,1,0.7262,0.5384,0.6557,6,1,0,synthetic
ELV-266dab6708,2026-01-18,Terminale D,SVT,laboratory,auditif,moyenne,22,2,1,0.5569,0.4736,0.5938,4,0,1,synthetic
ELV-266dab6708,2026-01-25,Terminale D,Mathématiques,exercise,auditif,moyenne,25,2,3,0.3699,0.3868,0.4437,11,1,1,synthetic
ELV-266dab6708,2026-02-08,Terminale D,Physique-Chimie,exam,auditif,moyenne,29,2,2,0.8037,0.7486,0.8345,7,1,0,synthetic
ELV-266dab6708,2026-02-20,Terminale D,SVT,exercise,auditif,moyenne,40,3,3,0.6237,0.4593,0.4864,17,0,1,synthetic
ELV-266dab6708,2026-01-27,Terminale D,Mathématiques,exercise,auditif,moyenne,36,3,1,0.6215,0.497,0.6268,5,1,0,synthetic
ELV-96ee8e2f79,2026-01-09,Terminale D,Mathématiques,exercise,pratique,moyenne,40,3,2,0.4988,0.4315,0.4883,18,0,1,synthetic
ELV-96ee8e2f79,2026-01-14,Terminale D,Physique-Chimie,laboratory,pratique,moyenne,42,3,2,0.1654,0.3311,0.3858,0,1,1,synthetic
ELV-96ee8e2f79,2026-01-19,Terminale D,SVT,exam,pratique,moyenne,24,2,1,0.5101,0.5126,0.6289,1,1,1,synthetic
ELV-96ee8e2f79,2026-01-24,Terminale D,Mathématiques,course,pratique,moyenne,17,3,1,0.5258,0.4484,0.5342,2,1,1,synthetic
ELV-96ee8e2f79,2026-01-23,Terminale D,Physique-Chimie,exercise,pratique,moyenne,17,2,1,0.5769,0.4742,0.5888,11,1,1,synthetic
ELV-96ee8e2f79,2026-02-16,Terminale D,SVT,exam,pratique,moyenne,16,2,2,0.542,0.4555,0.5533,5,0,1,synthetic
ELV-96ee8e2f79,2026-02-01,Terminale D,Mathématiques,course,pratique,moyenne,30,4,2,0.3982,0.3234,0.4009,2,1,1,synthetic
ELV-96ee8e2f79,2026-02-19,Terminale D,Physique-Chimie,laboratory,pratique,moyenne,57,3,1,0.54,0.4178,0.5075,4,1,1,synthetic
ELV-6fb83fad13,2026-01-07,Terminale C,Physique-Chimie,exercise,pratique,faible,33,2,1,0.7329,0.6552,0.7843,26,1,1,synthetic
ELV-6fb83fad13,2026-01-16,Terminale C,SVT,exercise,pratique,faible,33,2,1,0.8345,0.8193,0.964,0,1,0,synthetic
ELV-6fb83fad13,2026-01-25,Terminale C,Mathématiques,exercise,pratique,faible,36,1,1,0.7473,0.6684,0.7748,2,1,0,synthetic
ELV-6fb83fad13,2026-01-25,Terminale C,Physique-Chimie,exercise,pratique,faible,27,1,1,0.8583,0.8569,0.9516,2,1,0,synthetic
ELV-6fb83fad13,2026-01-23,Terminale C,SVT,laboratory,pratique,faible,33,2,1,0.5627,0.6503,0.7397,8,1,0,synthetic
ELV-6fb83fad13,2026-01-29,Terminale C,Mathématiques,laboratory,pratique,faible,24,1,1,0.8308,0.8233,0.9183,1,1,0,synthetic
ELV-6fb83fad13,2026-02-13,Terminale C,Physique-Chimie,exercise,pratique,faible,33,3,0,0.8441,0.7621,0.8709,3,0,0,synthetic
ELV-6fb83fad13,2026-01-29,Terminale C,SVT,laboratory,pratique,faible,38,3,1,0.7933,0.7197,0.8109,1,1,0,synthetic
ELV-608e1dd361,2026-01-07,Terminale D,SVT,laboratory,pratique,faible,31,2,1,0.7091,0.6673,0.8042,2,1,0,synthetic
ELV-608e1dd361,2026-01-10,Terminale D,Mathématiques,exam,pratique,faible,41,3,2,0.3471,0.433,0.4767,1,1,1,synthetic
ELV-608e1dd361,2026-01-22,Terminale D,Physique-Chimie,exercise,pratique,faible,44,3,2,0.5199,0.4587,0.5528,13,1,1,synthetic
ELV-608e1dd361,2026-01-23,Terminale D,SVT,course,pratique,faible,40,3,1,0.4789,0.4696,0.5655,3,1,1,synthetic
ELV-608e1dd361,2026-01-26,Terminale D,Mathématiques,exam,pratique,faible,39,4,2,0.4879,0.4055,0.4659,2,0,1,synthetic
ELV-608e1dd361,2026-01-31,Terminale D,Physique-Chimie,laboratory,pratique,faible,18,2,1,0.6005,0.5783,0.6588,16,1,1,synthetic
ELV-608e1dd361,2026-02-24,Terminale D,SVT,exercise,pratique,faible,22,1,0,0.8741,0.6072,0.713,7,0,0,synthetic
ELV-608e1dd361,2026-02-27,Terminale D,Mathématiques,exam,pratique,faible,23,3,1,0.4858,0.4767,0.5433,18,1,1,synthetic
ELV-96ad176aa0,2026-01-05,Terminale C,Mathématiques,exercise,auditif,moyenne,25,2,1,0.848,0.7075,0.8178,2,1,0,synthetic
ELV-96ad176aa0,2026-01-15,Terminale C,Physique-Chimie,course,auditif,moyenne,46,2,2,0.6966,0.5342,0.6366,6,1,0,synthetic
ELV-96ad176aa0,2026-01-19,Terminale C,SVT,course,auditif,moyenne,39,2,1,0.769,0.6646,0.7972,8,1,0,synthetic
ELV-96ad176aa0,2026-01-21,Terminale C,Mathématiques,laboratory,auditif,moyenne,24,1,2,0.6903,0.6051,0.7416,16,1,1,synthetic
ELV-96ad176aa0,2026-02-03,Terminale C,Physique-Chimie,exercise,auditif,moyenne,31,1,2,0.8347,0.7802,0.8835,5,1,0,synthetic
ELV-96ad176aa0,2026-01-21,Terminale C,SVT,course,auditif,moyenne,24,1,1,0.7777,0.7782,0.9037,15,1,1,synthetic
ELV-96ad176aa0,2026-02-22,Terminale C,Mathématiques,course,auditif,moyenne,36,3,0,0.7363,0.6526,0.8032,20,1,1,synthetic
ELV-96ad176aa0,2026-02-26,Terminale C,Physique-Chimie,exercise,auditif,moyenne,41,1,0,0.8409,0.708,0.8027,5,1,0,synthetic
ELV-24bc623e37,2026-01-08,Terminale C,Physique-Chimie,course,visuel,bonne,32,3,2,0.5052,0.4929,0.5949,21,1,1,synthetic
ELV-24bc623e37,2026-01-08,Terminale C,SVT,course,visuel,bonne,25,3,3,0.5632,0.5617,0.6382,6,1,0,synthetic
ELV-24bc623e37,2026-01-21,Terminale C,Mathématiques,exercise,visuel,bonne,22,1,2,0.8881,0.5899,0.7047,2,1,0,synthetic
ELV-24bc623e37,2026-01-19,Terminale C,Physique-Chimie,exercise,visuel,bonne,23,1,1,0.7378,0.6701,0.7962,1,1,0,synthetic
ELV-24bc623e37,2026-01-25,Terminale C,SVT,course,visuel,bonne,25,1,2,0.726,0.5642,0.6366,6,0,0,synthetic
ELV-24bc623e37,2026-02-05,Terminale C,Mathématiques,exam,visuel,bonne,10,2,1,0.7593,0.6551,0.7711,0,1,0,synthetic
ELV-24bc623e37,2026-02-19,Terminale C,Physique-Chimie,exercise,visuel,bonne,37,2,1,0.6238,0.5577,0.6603,6,1,0,synthetic
ELV-24bc623e37,2026-02-06,Terminale C,SVT,exam,visuel,bonne,22,2,0,0.8992,0.6984,0.8539,6,1,0,synthetic
ELV-4d3fa2770c,2026-01-08,3e,SVT,course,visuel,moyenne,47,3,1,0.6957,0.5736,0.6839,11,1,0,synthetic
ELV-4d3fa2770c,2026-01-16,3e,Mathématiques,exercise,visuel,moyenne,20,1,1,0.7891,0.684,0.7846,21,1,1,synthetic
ELV-4d3fa2770c,2026-01-25,3e,Physique-Chimie,laboratory,visuel,moyenne,31,3,2,0.6875,0.6167,0.7337,25,0,1,synthetic
ELV-4d3fa2770c,2026-01-16,3e,SVT,course,visuel,moyenne,34,2,1,0.6612,0.55,0.6363,5,1,0,synthetic
ELV-4d3fa2770c,2026-02-05,3e,Mathématiques,course,visuel,moyenne,20,1,1,0.6659,0.6548,0.7925,15,1,1,synthetic
ELV-4d3fa2770c,2026-02-13,3e,Physique-Chimie,course,visuel,moyenne,29,2,2,0.5797,0.5588,0.6427,0,0,0,synthetic
ELV-4d3fa2770c,2026-02-02,3e,SVT,course,visuel,moyenne,44,4,2,0.4203,0.4677,0.4893,3,0,1,synthetic
ELV-4d3fa2770c,2026-02-02,3e,Mathématiques,exam,visuel,moyenne,22,1,1,0.661,0.5502,0.6023,7,0,0,synthetic
ELV-2789fdc946,2026-01-05,Terminale D,Mathématiques,exercise,auditif,faible,21,4,1,0.3426,0.3456,0.3885,4,0,1,synthetic
ELV-2789fdc946,2026-01-11,Terminale D,Physique-Chimie,exercise,auditif,faible,38,2,1,0.4079,0.4171,0.4942,7,1,1,synthetic
ELV-2789fdc946,2026-01-20,Terminale D,SVT,exercise,auditif,faible,24,2,3,0.2871,0.3382,0.3263,8,0,1,synthetic
ELV-2789fdc946,2026-01-29,Terminale D,Mathématiques,exam,auditif,faible,38,4,3,0.1512,0.1817,0.1752,4,0,1,synthetic
ELV-2789fdc946,2026-01-25,Terminale D,Physique-Chimie,laboratory,auditif,faible,35,3,2,0.1983,0.2574,0.3467,2,0,1,synthetic
ELV-2789fdc946,2026-01-27,Terminale D,SVT,course,auditif,faible,40,2,3,0.1749,0.2839,0.2896,8,0,1,synthetic
ELV-2789fdc946,2026-02-17,Terminale D,Mathématiques,course,auditif,faible,20,2,2,0.2277,0.2692,0.3228,5,1,1,synthetic
ELV-2789fdc946,2026-02-16,Terminale D,Physique-Chimie,laboratory,auditif,faible,19,1,3,0.3958,0.3745,0.4374,14,1,1,synthetic
ELV-0422f9945d,2026-01-07,Terminale D,Physique-Chimie,course,auditif,faible,24,3,1,0.5198,0.4937,0.6081,2,0,1,synthetic
ELV-0422f9945d,2026-01-17,Terminale D,SVT,course,auditif,faible,27,1,1,0.5498,0.572,0.7021,2,1,1,synthetic
ELV-0422f9945d,2026-01-18,Terminale D,Mathématiques,laboratory,auditif,faible,22,1,2,0.3971,0.4158,0.5074,20,1,1,synthetic
ELV-0422f9945d,2026-01-29,Terminale D,Physique-Chimie,exam,auditif,faible,28,3,1,0.5502,0.496,0.5884,1,0,1,synthetic
ELV-0422f9945d,2026-01-28,Terminale D,SVT,exam,auditif,faible,23,3,2,0.4503,0.4471,0.5097,3,0,1,synthetic
ELV-0422f9945d,2026-01-30,Terminale D,Mathématiques,exercise,auditif,faible,42,4,1,0.5014,0.4578,0.5405,5,1,1,synthetic
ELV-0422f9945d,2026-02-24,Terminale D,Physique-Chimie,exam,auditif,faible,32,1,1,0.5056,0.4896,0.5579,2,0,1,synthetic
ELV-0422f9945d,2026-02-23,Terminale D,SVT,course,auditif,faible,24,2,2,0.566,0.5156,0.6117,1,1,0,synthetic
ELV-91f6a72f49,2026-01-09,Terminale D,SVT,exercise,visuel,moyenne,42,1,0,0.9653,0.8239,0.9405,5,1,0,synthetic
ELV-91f6a72f49,2026-01-14,Terminale D,Mathématiques,exercise,visuel,moyenne,26,1,0,0.8455,0.7636,0.9021,11,1,0,synthetic
ELV-91f6a72f49,2026-01-19,Terminale D,Physique-Chimie,course,visuel,moyenne,26,1,0,0.8248,0.7138,0.857,11,1,0,synthetic
ELV-91f6a72f49,2026-01-24,Terminale D,SVT,exam,visuel,moyenne,18,1,0,0.9807,0.8558,1.0,6,0,0,synthetic
ELV-91f6a72f49,2026-01-18,Terminale D,Mathématiques,exam,visuel,moyenne,19,2,1,0.7709,0.8213,0.9568,1,1,0,synthetic
ELV-91f6a72f49,2026-01-21,Terminale D,Physique-Chimie,laboratory,visuel,moyenne,26,1,0,0.851,0.8184,0.9474,5,1,0,synthetic
ELV-91f6a72f49,2026-01-29,Terminale D,SVT,exercise,visuel,moyenne,28,1,1,0.7681,0.7171,0.8324,30,1,1,synthetic
ELV-91f6a72f49,2026-02-18,Terminale D,Mathématiques,course,visuel,moyenne,26,1,0,0.956,0.8463,0.935,0,1,0,synthetic
ELV-179c62be17,2026-01-06,Terminale C,Mathématiques,exercise,pratique,bonne,25,1,2,0.5495,0.5586,0.6264,1,0,1,synthetic
ELV-179c62be17,2026-01-12,Terminale C,Physique-Chimie,laboratory,pratique,bonne,34,2,2,0.4677,0.4594,0.562,12,0,1,synthetic
ELV-179c62be17,2026-01-18,Terminale C,SVT,course,pratique,bonne,31,2,1,0.7237,0.6384,0.7428,12,1,0,synthetic
ELV-179c62be17,2026-01-14,Terminale C,Mathématiques,exercise,pratique,bonne,21,1,2,0.656,0.5525,0.6415,6,1,0,synthetic
ELV-179c62be17,2026-01-22,Terminale C,Physique-Chimie,laboratory,pratique,bonne,33,3,2,0.6076,0.5356,0.6789,7,1,0,synthetic
ELV-179c62be17,2026-01-27,Terminale C,SVT,course,pratique,bonne,29,1,2,0.5089,0.4706,0.4978,2,0,1,synthetic
ELV-179c62be17,2026-02-05,Terminale C,Mathématiques,exercise,pratique,bonne,20,2,1,0.5676,0.437,0.5418,23,1,1,synthetic
ELV-179c62be17,2026-02-20,Terminale C,Physique-Chimie,course,pratique,bonne,24,3,1,0.5949,0.4244,0.5097,36,1,1,synthetic
ELV-5eb9aa30d0,2026-01-07,Terminale D,Physique-Chimie,exam,auditif,bonne,33,3,2,0.6986,0.5155,0.6359,4,1,0,synthetic
ELV-5eb9aa30d0,2026-01-12,Terminale D,SVT,course,auditif,bonne,11,1,1,0.8384,0.7243,0.848,2,1,0,synthetic
ELV-5eb9aa30d0,2026-01-14,Terminale D,Mathématiques,course,auditif,bonne,24,1,2,0.6296,0.569,0.6728,9,0,0,synthetic
ELV-5eb9aa30d0,2026-01-28,Terminale D,Physique-Chimie,course,auditif,bonne,35,2,2,0.7103,0.5709,0.635,2,1,0,synthetic
ELV-5eb9aa30d0,2026-01-28,Terminale D,SVT,exam,auditif,bonne,47,3,1,0.8723,0.7022,0.8364,11,1,0,synthetic
ELV-5eb9aa30d0,2026-02-08,Terminale D,Mathématiques,exam,auditif,bonne,13,1,1,0.8711,0.6717,0.7911,9,1,0,synthetic
ELV-5eb9aa30d0,2026-01-24,Terminale D,Physique-Chimie,course,auditif,bonne,26,1,0,0.8384,0.6918,0.7882,11,1,0,synthetic
ELV-5eb9aa30d0,2026-02-27,Terminale D,SVT,exercise,auditif,bonne,32,2,1,0.9394,0.704,0.787,1,1,0,synthetic
ELV-61b3c748d1,2026-01-09,Terminale D,SVT,exercise,pratique,moyenne,29,2,1,0.759,0.7472,0.8604,3,1,0,synthetic
ELV-61b3c748d1,2026-01-17,Terminale D,Mathématiques,exam,pratique,moyenne,26,1,3,0.4962,0.4983,0.5985,7,1,1,synthetic
ELV-61b3c748d1,2026-01-12,Terminale D,Physique-Chimie,course,pratique,moyenne,28,2,0,0.7669,0.62,0.747,1,0,0,synthetic
ELV-61b3c748d1,2026-01-16,Terminale D,SVT,laboratory,pratique,moyenne,38,1,1,1.0,0.7778,0.9244,7,1,0,synthetic
ELV-61b3c748d1,2026-02-05,Terminale D,Mathématiques,course,pratique,moyenne,29,3,1,0.6867,0.6115,0.7073,19,0,1,synthetic
ELV-61b3c748d1,2026-01-20,Terminale D,Physique-Chimie,exercise,pratique,moyenne,35,2,1,0.8443,0.6303,0.7241,4,1,0,synthetic
ELV-61b3c748d1,2026-02-08,Terminale D,SVT,exercise,pratique,moyenne,28,1,2,0.5992,0.5604,0.6423,3,1,0,synthetic
ELV-61b3c748d1,2026-02-24,Terminale D,Mathématiques,exam,pratique,moyenne,28,2,2,0.517,0.3393,0.4068,10,0,1,synthetic
ELV-4cae352b2e,2026-01-06,Terminale C,Mathématiques,laboratory,pratique,faible,42,3,2,0.6757,0.578,0.6608,1,1,0,synthetic
ELV-4cae352b2e,2026-01-10,Terminale C,Physique-Chimie,course,pratique,faible,41,2,2,0.7521,0.7266,0.792,23,1,1,synthetic
ELV-4cae352b2e,2026-01-13,Terminale C,SVT,course,pratique,faible,33,1,2,0.8366,0.7879,0.868,0,1,0,synthetic
ELV-4cae352b2e,2026-01-19,Terminale C,Mathématiques,laboratory,pratique,faible,21,3,1,0.5234,0.5581,0.6765,1,0,1,synthetic
ELV-4cae352b2e,2026-02-10,Terminale C,Physique-Chimie,laboratory,pratique,faible,15,1,2,0.6488,0.6274,0.757,11,1,0,synthetic
ELV-4cae352b2e,2026-02-13,Terminale C,SVT,exam,pratique,faible,35,3,1,0.8174,0.781,0.8848,7,1,0,synthetic
ELV-4cae352b2e,2026-02-07,Terminale C,Mathématiques,exercise,pratique,faible,33,2,2,0.8875,0.6875,0.8096,1,1,0,synthetic
ELV-4cae352b2e,2026-02-12,Terminale C,Physique-Chimie,exercise,pratique,faible,29,3,2,0.4729,0.4671,0.4827,5,0,1,synthetic
ELV-dafa6b8c92,2026-01-08,Terminale D,Physique-Chimie,course,auditif,faible,19,2,1,0.5255,0.5429,0.6252,1,0,1,synthetic
ELV-dafa6b8c92,2026-01-09,Terminale D,SVT,course,auditif,faible,17,2,2,0.6251,0.5455,0.6465,0,0,0,synthetic
ELV-dafa6b8c92,2026-01-20,Terminale D,Mathématiques,laboratory,auditif,faible,34,1,2,0.7266,0.647,0.7967,5,0,0,synthetic
ELV-dafa6b8c92,2026-01-14,Terminale D,Physique-Chimie,laboratory,auditif,faible,16,3,1,0.863,0.6639,0.8179,9,1,0,synthetic
ELV-dafa6b8c92,2026-02-10,Terminale D,SVT,exercise,auditif,faible,25,2,0,0.8524,0.6896,0.8324,8,1,0,synthetic
ELV-dafa6b8c92,2026-01-20,Terminale D,Mathématiques,course,auditif,faible,38,2,1,0.7579,0.6842,0.7506,15,0,1,synthetic
ELV-dafa6b8c92,2026-02-10,Terminale D,Physique-Chimie,exam,auditif,faible,18,2,1,0.6382,0.6677,0.7698,7,1,0,synthetic
ELV-dafa6b8c92,2026-02-05,Terminale D,SVT,course,auditif,faible,32,3,1,0.5292,0.5907,0.6614,3,1,1,synthetic
ELV-e13811600d,2026-01-06,3e,SVT,exam,pratique,bonne,20,4,1,0.6654,0.5803,0.6695,4,1,0,synthetic
ELV-e13811600d,2026-01-16,3e,Mathématiques,course,pratique,bonne,32,2,2,0.635,0.6073,0.664,15,1,1,synthetic
ELV-e13811600d,2026-01-19,3e,Physique-Chimie,course,pratique,bonne,20,2,3,0.6526,0.6101,0.661,15,1,1,synthetic
ELV-e13811600d,2026-01-24,3e,SVT,course,pratique,bonne,20,1,1,0.7707,0.6419,0.7407,17,1,1,synthetic
ELV-e13811600d,2026-01-23,3e,Mathématiques,course,pratique,bonne,35,3,1,0.8663,0.6729,0.7939,10,1,0,synthetic
ELV-e13811600d,2026-02-01,3e,Physique-Chimie,exercise,pratique,bonne,35,1,1,0.6367,0.5546,0.663,1,1,0,synthetic
ELV-e13811600d,2026-02-13,3e,SVT,course,pratique,bonne,44,1,0,1.0,0.7937,0.9026,13,1,0,synthetic
ELV-e13811600d,2026-01-29,3e,Mathématiques,laboratory,pratique,bonne,38,2,2,0.7158,0.6022,0.7568,15,1,1,synthetic
ELV-c99cf07b71,2026-01-05,Terminale C,Mathématiques,course,pratique,bonne,33,2,1,0.7688,0.6139,0.722,11,0,0,synthetic
ELV-c99cf07b71,2026-01-14,Terminale C,Physique-Chimie,exercise,pratique,bonne,22,3,1,0.8473,0.6865,0.831,0,1,0,synthetic
ELV-c99cf07b71,2026-01-22,Terminale C,SVT,exercise,pratique,bonne,15,2,1,0.768,0.7566,0.794,8,1,0,synthetic
ELV-c99cf07b71,2026-02-01,Terminale C,Mathématiques,course,pratique,bonne,18,2,1,0.7724,0.7105,0.8251,24,1,1,synthetic
ELV-c99cf07b71,2026-02-08,Terminale C,Physique-Chimie,laboratory,pratique,bonne,18,1,0,1.0,0.8211,0.9957,31,1,1,synthetic
ELV-c99cf07b71,2026-01-26,Terminale C,SVT,exercise,pratique,bonne,17,1,2,0.7973,0.7272,0.8505,17,1,1,synthetic
ELV-c99cf07b71,2026-02-07,Terminale C,Mathématiques,course,pratique,bonne,41,2,1,0.6508,0.5165,0.6003,3,1,0,synthetic
ELV-c99cf07b71,2026-02-11,Terminale C,Physique-Chimie,exercise,pratique,bonne,26,1,2,0.9171,0.8157,0.9346,5,0,0,synthetic
ELV-c7e6343f8d,2026-01-08,Terminale C,Physique-Chimie,course,visuel,moyenne,29,3,1,0.8816,0.6593,0.8216,2,1,0,synthetic
ELV-c7e6343f8d,2026-01-12,Terminale C,SVT,course,visuel,moyenne,32,3,2,0.5872,0.4949,0.5914,4,1,1,synthetic
ELV-c7e6343f8d,2026-01-20,Terminale C,Mathématiques,exercise,visuel,moyenne,44,2,1,0.6314,0.4627,0.5422,1,0,1,synthetic
ELV-c7e6343f8d,2026-01-14,Terminale C,Physique-Chimie,laboratory,visuel,moyenne,23,2,2,0.6574,0.5264,0.6904,7,1,0,synthetic
ELV-c7e6343f8d,2026-01-28,Terminale C,SVT,laboratory,visuel,moyenne,22,2,1,0.5487,0.5906,0.6678,5,1,1,synthetic
ELV-c7e6343f8d,2026-01-20,Terminale C,Mathématiques,exercise,visuel,moyenne,23,3,2,0.5521,0.4896,0.5962,1,1,1,synthetic
ELV-c7e6343f8d,2026-02-22,Terminale C,Physique-Chimie,course,visuel,moyenne,36,2,1,0.6416,0.5367,0.6537,5,1,0,synthetic
ELV-c7e6343f8d,2026-02-23,Terminale C,SVT,course,visuel,moyenne,30,2,1,0.7741,0.5803,0.6966,1,1,0,synthetic
ELV-12099d0426,2026-01-06,3e,SVT,exercise,visuel,bonne,22,2,1,0.5003,0.4365,0.5184,13,0,1,synthetic
ELV-12099d0426,2026-01-14,3e,Mathématiques,exercise,visuel,bonne,35,2,2,0.6946,0.5979,0.6928,3,1,0,synthetic
ELV-12099d0426,2026-01-13,3e,Physique-Chimie,exercise,visuel,bonne,33,2,1,0.5466,0.4117,0.4715,2,1,1,synthetic
ELV-12099d0426,2026-01-27,3e,SVT,exam,visuel,bonne,41,2,1,0.9322,0.6804,0.7802,4,0,0,synthetic
ELV-12099d0426,2026-02-06,3e,Mathématiques,course,visuel,bonne,24,2,0,0.8032,0.6357,0.7532,34,1,1,synthetic
ELV-12099d0426,2026-02-13,3e,Physique-Chimie,exam,visuel,bonne,35,3,2,0.4322,0.4381,0.5294,0,1,1,synthetic
ELV-12099d0426,2026-02-16,3e,SVT,laboratory,visuel,bonne,23,1,1,0.8118,0.6239,0.7659,6,1,0,synthetic
ELV-12099d0426,2026-02-05,3e,Mathématiques,course,visuel,bonne,26,2,2,0.478,0.3585,0.3979,3,1,1,synthetic
ELV-ce618ffe59,2026-01-05,Terminale D,Mathématiques,exam,auditif,moyenne,32,1,0,0.8916,0.8018,0.9408,2,1,0,synthetic
ELV-ce618ffe59,2026-01-11,Terminale D,Physique-Chimie,exercise,auditif,moyenne,32,1,1,0.782,0.7224,0.8239,5,1,0,synthetic
ELV-ce618ffe59,2026-01-19,Terminale D,SVT,laboratory,auditif,moyenne,26,1,1,0.8607,0.7226,0.8834,33,1,1,synthetic
ELV-ce618ffe59,2026-01-23,Terminale D,Mathématiques,exercise,auditif,moyenne,32,2,2,0.7571,0.6612,0.7476,7,1,0,synthetic
ELV-ce618ffe59,2026-01-20,Terminale D,Physique-Chimie,exercise,auditif,moyenne,12,1,2,0.8411,0.7428,0.8629,5,1,0,synthetic
ELV-ce618ffe59,2026-01-21,Terminale D,SVT,laboratory,auditif,moyenne,32,2,2,0.8244,0.7639,0.9331,3,1,0,synthetic
ELV-ce618ffe59,2026-02-14,Terminale D,Mathématiques,course,auditif,moyenne,24,2,0,0.9894,0.7865,0.9612,0,1,0,synthetic
ELV-ce618ffe59,2026-03-02,Terminale D,Physique-Chimie,course,auditif,moyenne,26,1,1,0.9216,0.8335,0.9754,4,1,0,synthetic
ELV-5c8e06eeea,2026-01-09,Terminale C,Physique-Chimie,exercise,pratique,moyenne,32,3,3,0.5937,0.521,0.5455,0,0,1,synthetic
ELV-5c8e06eeea,2026-01-10,Terminale C,SVT,exercise,pratique,moyenne,28,2,1,0.5863,0.5811,0.6632,6,1,0,synthetic
ELV-5c8e06eeea,2026-01-17,Terminale C,Mathématiques,exam,pratique,moyenne,30,3,1,0.674,0.6098,0.6904,36,1,1,synthetic
ELV-5c8e06eeea,2026-01-21,Terminale C,Physique-Chimie,course,pratique,moyenne,36,4,2,0.5419,0.5672,0.6191,10,1,1,synthetic
ELV-5c8e06eeea,2026-01-22,Terminale C,SVT,exam,pratique,moyenne,29,1,2,0.8921,0.7752,0.8459,2,1,0,synthetic
ELV-5c8e06eeea,2026-02-05,Terminale C,Mathématiques,exam,pratique,moyenne,30,3,2,0.6259,0.5786,0.6023,13,1,0,synthetic
ELV-5c8e06eeea,2026-01-29,Terminale C,Physique-Chimie,exercise,pratique,moyenne,38,2,1,0.7311,0.636,0.7598,0,1,0,synthetic
ELV-5c8e06eeea,2026-02-09,Terminale C,SVT,exercise,pratique,moyenne,28,2,1,0.9576,0.7538,0.9257,15,1,1,synthetic
ELV-e55bae569d,2026-01-05,Terminale D,SVT,laboratory,auditif,bonne,22,2,0,0.8734,0.8223,0.948,4,1,0,synthetic
ELV-e55bae569d,2026-01-12,Terminale D,Mathématiques,exercise,auditif,bonne,49,1,0,1.0,0.8413,0.9546,3,1,0,synthetic
ELV-e55bae569d,2026-01-21,Terminale D,Physique-Chimie,exercise,auditif,bonne,30,2,1,0.8048,0.6959,0.8001,7,1,0,synthetic
ELV-e55bae569d,2026-01-23,Terminale D,SVT,laboratory,auditif,bonne,11,1,0,1.0,0.9317,1.0,1,1,0,synthetic
ELV-e55bae569d,2026-01-22,Terminale D,Mathématiques,exercise,auditif,bonne,31,3,2,0.7198,0.6953,0.7581,4,1,0,synthetic
ELV-e55bae569d,2026-02-05,Terminale D,Physique-Chimie,laboratory,auditif,bonne,21,1,0,0.9276,0.8159,0.9968,6,1,0,synthetic
ELV-e55bae569d,2026-01-23,Terminale D,SVT,exercise,auditif,bonne,27,1,0,1.0,0.9375,1.0,3,1,0,synthetic
ELV-e55bae569d,2026-03-04,Terminale D,Mathématiques,exam,auditif,bonne,30,2,0,1.0,0.9816,1.0,0,1,0,synthetic
ELV-f89a7924bf,2026-01-05,Terminale D,Mathématiques,exam,visuel,faible,32,1,1,0.3172,0.2595,0.2983,8,0,1,synthetic
ELV-f89a7924bf,2026-01-17,Terminale D,Physique-Chimie,exercise,visuel,faible,28,3,3,0.3772,0.3457,0.3681,11,1,1,synthetic
ELV-f89a7924bf,2026-01-15,Terminale D,SVT,exercise,visuel,faible,40,5,2,0.2867,0.2691,0.3031,20,0,1,synthetic
ELV-f89a7924bf,2026-02-02,Terminale D,Mathématiques,course,visuel,faible,27,1,3,0.2332,0.2899,0.3129,12,1,1,synthetic
ELV-f89a7924bf,2026-01-23,Terminale D,Physique-Chimie,exercise,visuel,faible,45,3,2,0.4363,0.3312,0.4439,1,0,1,synthetic
ELV-f89a7924bf,2026-01-23,Terminale D,SVT,course,visuel,faible,50,3,3,0.3488,0.3256,0.3383,9,1,1,synthetic
ELV-f89a7924bf,2026-02-19,Terminale D,Mathématiques,exercise,visuel,faible,49,3,3,0.261,0.227,0.2477,10,0,1,synthetic
ELV-f89a7924bf,2026-03-04,Terminale D,Physique-Chimie,course,visuel,faible,46,4,2,0.3849,0.237,0.3031,18,0,1,synthetic
ELV-08d19ddfe1,2026-01-08,Terminale D,Physique-Chimie,course,visuel,moyenne,34,3,3,0.2816,0.319,0.3255,2,0,1,synthetic
ELV-08d19ddfe1,2026-01-12,Terminale D,SVT,exam,visuel,moyenne,40,3,3,0.27,0.1816,0.2012,13,1,1,synthetic
ELV-08d19ddfe1,2026-01-16,Terminale D,Mathématiques,exercise,visuel,moyenne,29,3,1,0.4944,0.4041,0.4668,5,1,1,synthetic
ELV-08d19ddfe1,2026-01-23,Terminale D,Physique-Chimie,exercise,visuel,moyenne,40,3,3,0.4387,0.403,0.4692,0,1,1,synthetic
ELV-08d19ddfe1,2026-01-19,Terminale D,SVT,exercise,visuel,moyenne,34,4,3,0.5918,0.4783,0.5533,26,1,1,synthetic
ELV-08d19ddfe1,2026-02-18,Terminale D,Mathématiques,exercise,visuel,moyenne,42,4,2,0.4396,0.3409,0.3729,17,1,1,synthetic
ELV-08d19ddfe1,2026-01-30,Terminale D,Physique-Chimie,course,visuel,moyenne,26,2,1,0.3881,0.299,0.3476,5,1,1,synthetic
ELV-08d19ddfe1,2026-02-17,Terminale D,SVT,laboratory,visuel,moyenne,43,3,1,0.5051,0.4535,0.5629,7,0,1,synthetic
ELV-84603928ad,2026-01-07,3e,SVT,exam,pratique,faible,22,2,0,0.6413,0.64,0.7587,15,1,1,synthetic
ELV-84603928ad,2026-01-14,3e,Mathématiques,course,pratique,faible,39,3,2,0.6137,0.5633,0.6533,4,1,0,synthetic
ELV-84603928ad,2026-01-15,3e,Physique-Chimie,exercise,pratique,faible,34,3,1,0.5132,0.5055,0.6086,14,1,1,synthetic
ELV-84603928ad,2026-01-31,3e,SVT,laboratory,pratique,faible,35,3,1,0.6754,0.5936,0.7001,14,1,1,synthetic
ELV-84603928ad,2026-01-31,3e,Mathématiques,laboratory,pratique,faible,28,3,1,0.4539,0.5071,0.586,2,0,1,synthetic
ELV-84603928ad,2026-02-17,3e,Physique-Chimie,exercise,pratique,faible,26,2,3,0.3883,0.5337,0.5676,0,1,1,synthetic
ELV-84603928ad,2026-01-27,3e,SVT,exercise,pratique,faible,28,1,1,0.6874,0.5958,0.7036,28,0,1,synthetic
ELV-84603928ad,2026-02-26,3e,Mathématiques,exam,pratique,faible,28,3,1,0.4464,0.4258,0.5132,11,0,1,synthetic
ELV-23fc9de2f3,2026-01-05,Terminale C,Mathématiques,course,auditif,faible,25,1,2,0.762,0.6899,0.8169,18,1,1,synthetic
ELV-23fc9de2f3,2026-01-14,Terminale C,Physique-Chimie,laboratory,auditif,faible,22,1,3,0.5733,0.5155,0.6192,2,1,0,synthetic
ELV-23fc9de2f3,2026-01-15,Terminale C,SVT,laboratory,auditif,faible,30,2,1,0.5545,0.6522,0.7166,6,0,0,synthetic
ELV-23fc9de2f3,2026-01-16,Terminale C,Mathématiques,exercise,auditif,faible,36,1,2,0.6279,0.5551,0.633,17,1,1,synthetic
ELV-23fc9de2f3,2026-02-03,Terminale C,Physique-Chimie,laboratory,auditif,faible,33,2,1,0.668,0.6425,0.7708,8,1,0,synthetic
ELV-23fc9de2f3,2026-01-20,Terminale C,SVT,course,auditif,faible,33,1,1,0.9345,0.789,0.9065,2,1,0,synthetic
ELV-23fc9de2f3,2026-02-25,Terminale C,Mathématiques,exercise,auditif,faible,10,1,2,0.5834,0.614,0.6864,22,0,1,synthetic
ELV-23fc9de2f3,2026-01-29,Terminale C,Physique-Chimie,exercise,auditif,faible,20,1,0,0.6358,0.6355,0.7278,0,1,0,synthetic
ELV-17875cf2a1,2026-01-09,3e,Physique-Chimie,exercise,auditif,moyenne,30,2,1,0.7998,0.6208,0.7361,6,1,0,synthetic
ELV-17875cf2a1,2026-01-12,3e,SVT,laboratory,auditif,moyenne,21,1,3,0.9383,0.8149,0.9103,14,1,1,synthetic
ELV-17875cf2a1,2026-01-21,3e,Mathématiques,laboratory,auditif,moyenne,18,3,0,0.7714,0.7105,0.8571,14,1,1,synthetic
ELV-17875cf2a1,2026-01-24,3e,Physique-Chimie,exam,auditif,moyenne,47,1,2,0.8758,0.7358,0.8505,9,1,0,synthetic
ELV-17875cf2a1,2026-01-23,3e,SVT,exercise,auditif,moyenne,29,2,0,0.9893,0.7168,0.8763,1,1,0,synthetic
ELV-17875cf2a1,2026-02-05,3e,Mathématiques,exercise,auditif,moyenne,19,1,0,0.785,0.7402,0.8885,8,1,0,synthetic
ELV-17875cf2a1,2026-02-20,3e,Physique-Chimie,exercise,auditif,moyenne,21,1,0,0.817,0.7062,0.8474,0,1,0,synthetic
ELV-17875cf2a1,2026-03-03,3e,SVT,course,auditif,moyenne,43,1,1,0.9654,0.8152,0.9289,16,1,1,synthetic
ELV-14d53e282c,2026-01-07,Terminale D,SVT,course,auditif,moyenne,40,4,1,0.5919,0.5199,0.6167,3,0,0,synthetic
ELV-14d53e282c,2026-01-13,Terminale D,Mathématiques,course,auditif,moyenne,22,2,2,0.6356,0.4313,0.4935,22,0,1,synthetic
ELV-14d53e282c,2026-01-21,Terminale D,Physique-Chimie,course,auditif,moyenne,40,2,2,0.4177,0.3334,0.4136,1,0,1,synthetic
ELV-14d53e282c,2026-01-27,Terminale D,SVT,exercise,auditif,moyenne,51,3,2,0.6587,0.4877,0.5513,7,1,1,synthetic
ELV-14d53e282c,2026-01-24,Terminale D,Mathématiques,exam,auditif,moyenne,28,2,2,0.6523,0.5355,0.6511,20,1,1,synthetic
ELV-14d53e282c,2026-01-30,Terminale D,Physique-Chimie,course,auditif,moyenne,34,3,2,0.4826,0.4168,0.5053,12,0,1,synthetic
ELV-14d53e282c,2026-02-24,Terminale D,SVT,exercise,auditif,moyenne,22,1,1,0.5983,0.4893,0.575,0,1,1,synthetic
ELV-14d53e282c,2026-02-10,Terminale D,Mathématiques,exercise,auditif,moyenne,27,2,3,0.4437,0.4597,0.4794,12,1,1,synthetic
ELV-db6fa97ebf,2026-01-08,3e,Mathématiques,exercise,visuel,faible,23,1,3,0.446,0.4387,0.5132,0,1,1,synthetic
ELV-db6fa97ebf,2026-01-14,3e,Physique-Chimie,exam,visuel,faible,25,3,2,0.5727,0.5815,0.6938,5,1,0,synthetic
ELV-db6fa97ebf,2026-01-17,3e,SVT,laboratory,visuel,faible,26,2,2,0.6207,0.5335,0.636,9,0,0,synthetic
ELV-db6fa97ebf,2026-01-25,3e,Mathématiques,laboratory,visuel,faible,9,2,2,0.3038,0.3851,0.4422,18,1,1,synthetic
ELV-db6fa97ebf,2026-01-21,3e,Physique-Chimie,exercise,visuel,faible,26,3,1,0.351,0.4147,0.4627,14,1,1,synthetic
ELV-db6fa97ebf,2026-02-14,3e,SVT,exercise,visuel,faible,12,2,1,0.5171,0.5382,0.5987,6,0,1,synthetic
ELV-db6fa97ebf,2026-02-26,3e,Mathématiques,course,visuel,faible,29,2,2,0.6511,0.5044,0.5672,6,1,1,synthetic
ELV-db6fa97ebf,2026-02-02,3e,Physique-Chimie,exercise,visuel,faible,34,2,1,0.5894,0.5187,0.6102,6,1,0,synthetic
ELV-136258294d,2026-01-08,Terminale D,Physique-Chimie,exercise,visuel,faible,40,2,2,0.6099,0.6267,0.7025,0,0,0,synthetic
ELV-136258294d,2026-01-12,Terminale D,SVT,course,visuel,faible,38,3,1,0.8243,0.7024,0.8299,7,1,0,synthetic
ELV-136258294d,2026-01-16,Terminale D,Mathématiques,exercise,visuel,faible,35,2,1,0.6937,0.6423,0.7415,4,1,0,synthetic
ELV-136258294d,2026-01-28,Terminale D,Physique-Chimie,exam,visuel,faible,56,2,2,0.603,0.4832,0.5329,7,1,1,synthetic
ELV-136258294d,2026-01-31,Terminale D,SVT,laboratory,visuel,faible,35,2,1,0.702,0.6288,0.7489,12,1,0,synthetic
ELV-136258294d,2026-01-28,Terminale D,Mathématiques,exercise,visuel,faible,37,3,2,0.5804,0.5793,0.6687,4,0,0,synthetic
ELV-136258294d,2026-02-16,Terminale D,Physique-Chimie,exercise,visuel,faible,26,3,1,0.4791,0.4471,0.5182,1,1,1,synthetic
ELV-136258294d,2026-02-27,Terminale D,SVT,exercise,visuel,faible,34,2,2,0.6141,0.6181,0.6865,3,0,0,synthetic
ELV-d0ce0ab050,2026-01-06,Terminale C,SVT,laboratory,visuel,moyenne,27,1,1,0.5594,0.4989,0.6153,6,0,0,synthetic
ELV-d0ce0ab050,2026-01-12,Terminale C,Mathématiques,exercise,visuel,moyenne,45,2,1,0.6119,0.5085,0.5573,10,1,1,synthetic
ELV-d0ce0ab050,2026-01-13,Terminale C,Physique-Chimie,exercise,visuel,moyenne,36,2,1,0.4924,0.3894,0.4406,2,0,1,synthetic
ELV-d0ce0ab050,2026-01-25,Terminale C,SVT,exercise,visuel,moyenne,34,2,2,0.594,0.5447,0.637,18,1,1,synthetic
ELV-d0ce0ab050,2026-02-05,Terminale C,Mathématiques,exam,visuel,moyenne,28,1,1,0.7605,0.6671,0.7085,6,1,0,synthetic
ELV-d0ce0ab050,2026-02-06,Terminale C,Physique-Chimie,course,visuel,moyenne,20,3,2,0.4169,0.4155,0.4975,3,1,1,synthetic
ELV-d0ce0ab050,2026-02-24,Terminale C,SVT,exercise,visuel,moyenne,27,2,2,0.6167,0.5821,0.6654,27,1,1,synthetic
ELV-d0ce0ab050,2026-02-09,Terminale C,Mathématiques,exercise,visuel,moyenne,40,3,3,0.5262,0.4652,0.524,4,0,1,synthetic
ELV-2dbb704284,2026-01-06,3e,Mathématiques,exercise,pratique,moyenne,30,2,2,0.6095,0.577,0.6181,14,1,1,synthetic
ELV-2dbb704284,2026-01-15,3e,Physique-Chimie,exercise,pratique,moyenne,42,3,1,0.6139,0.5551,0.678,4,1,0,synthetic
ELV-2dbb704284,2026-01-23,3e,SVT,exercise,pratique,moyenne,19,2,2,0.5251,0.6831,0.7233,5,1,1,synthetic
ELV-2dbb704284,2026-01-30,3e,Mathématiques,laboratory,pratique,moyenne,19,1,1,0.8669,0.7234,0.9072,4,1,0,synthetic
ELV-2dbb704284,2026-01-31,3e,Physique-Chimie,course,pratique,moyenne,24,1,1,0.767,0.7062,0.8206,5,1,0,synthetic
ELV-2dbb704284,2026-02-11,3e,SVT,course,pratique,moyenne,29,3,1,0.6355,0.528,0.5847,12,0,1,synthetic
ELV-2dbb704284,2026-02-25,3e,Mathématiques,exercise,pratique,moyenne,40,1,1,0.9104,0.7943,0.8759,31,1,1,synthetic
ELV-2dbb704284,2026-03-02,3e,Physique-Chimie,laboratory,pratique,moyenne,32,3,2,0.7067,0.6184,0.7059,6,1,0,synthetic
ELV-aa6157f0f2,2026-01-08,Terminale C,Physique-Chimie,exercise,pratique,bonne,36,3,1,0.89,0.7692,0.8489,12,1,0,synthetic
ELV-aa6157f0f2,2026-01-14,Terminale C,SVT,exercise,pratique,bonne,25,2,2,0.7578,0.7205,0.7933,5,1,0,synthetic
ELV-aa6157f0f2,2026-01-13,Terminale C,Mathématiques,course,pratique,bonne,52,3,1,0.7313,0.6167,0.7454,6,1,0,synthetic
ELV-aa6157f0f2,2026-01-20,Terminale C,Physique-Chimie,exercise,pratique,bonne,35,3,2,0.632,0.6181,0.6858,0,1,0,synthetic
ELV-aa6157f0f2,2026-01-18,Terminale C,SVT,exercise,pratique,bonne,28,2,2,0.9121,0.7868,0.8778,5,1,0,synthetic
ELV-aa6157f0f2,2026-02-10,Terminale C,Mathématiques,exercise,pratique,bonne,27,1,1,0.8454,0.7134,0.8089,13,0,0,synthetic
ELV-aa6157f0f2,2026-02-10,Terminale C,Physique-Chimie,exam,pratique,bonne,18,4,1,0.7402,0.682,0.7888,9,1,0,synthetic
ELV-aa6157f0f2,2026-02-11,Terminale C,SVT,course,pratique,bonne,24,1,1,0.8427,0.7668,0.8655,4,1,0,synthetic
ELV-c8cfcc4cb9,2026-01-07,Terminale C,SVT,course,visuel,faible,30,3,2,0.7399,0.7713,0.8514,10,0,0,synthetic
ELV-c8cfcc4cb9,2026-01-11,Terminale C,Mathématiques,exercise,visuel,faible,28,2,1,1.0,0.9667,1.0,9,1,0,synthetic
ELV-c8cfcc4cb9,2026-01-21,Terminale C,Physique-Chimie,exercise,visuel,faible,21,2,1,1.0,0.9059,1.0,1,1,0,synthetic
ELV-c8cfcc4cb9,2026-01-27,Terminale C,SVT,exercise,visuel,faible,28,1,0,1.0,0.9398,1.0,0,1,0,synthetic
ELV-c8cfcc4cb9,2026-01-31,Terminale C,Mathématiques,course,visuel,faible,22,1,2,0.6605,0.7858,0.9198,21,1,1,synthetic
ELV-c8cfcc4cb9,2026-01-25,Terminale C,Physique-Chimie,exercise,visuel,faible,30,1,1,0.8272,0.9093,1.0,0,1,0,synthetic
ELV-c8cfcc4cb9,2026-01-23,Terminale C,SVT,exercise,visuel,faible,26,1,1,0.7605,0.787,0.8765,8,1,0,synthetic
ELV-c8cfcc4cb9,2026-02-12,Terminale C,Mathématiques,laboratory,visuel,faible,18,2,1,0.7867,0.858,0.9812,16,1,1,synthetic
ELV-f57213ec50,2026-01-06,3e,Mathématiques,exercise,auditif,faible,17,3,2,0.4831,0.5054,0.5209,13,0,1,synthetic
ELV-f57213ec50,2026-01-14,3e,Physique-Chimie,exercise,auditif,faible,26,2,1,0.4911,0.4752,0.5375,2,1,1,synthetic
ELV-f57213ec50,2026-01-21,3e,SVT,course,auditif,faible,44,2,1,0.6946,0.6193,0.7467,0,0,0,synthetic
ELV-f57213ec50,2026-02-02,3e,Mathématiques,exam,auditif,faible,26,2,2,0.5063,0.5894,0.6502,0,1,1,synthetic
ELV-f57213ec50,2026-01-24,3e,Physique-Chimie,laboratory,auditif,faible,23,2,1,0.469,0.4658,0.5668,0,0,1,synthetic
ELV-f57213ec50,2026-02-01,3e,SVT,exercise,auditif,faible,21,2,2,0.6068,0.6139,0.7064,1,0,0,synthetic
ELV-f57213ec50,2026-01-31,3e,Mathématiques,exercise,auditif,faible,20,1,1,0.6412,0.565,0.6624,4,1,0,synthetic
ELV-f57213ec50,2026-02-25,3e,Physique-Chimie,course,auditif,faible,36,2,1,0.6185,0.4953,0.5932,6,1,1,synthetic
ELV-7d25fed0c2,2026-01-05,3e,Physique-Chimie,course,visuel,bonne,42,3,3,0.5484,0.3847,0.463,0,1,1,synthetic
ELV-7d25fed0c2,2026-01-12,3e,SVT,exercise,visuel,bonne,32,2,2,0.5742,0.4842,0.5773,4,1,1,synthetic
ELV-7d25fed0c2,2026-01-21,3e,Mathématiques,course,visuel,bonne,43,3,2,0.6352,0.4983,0.5616,15,0,1,synthetic
ELV-7d25fed0c2,2026-01-27,3e,Physique-Chimie,exercise,visuel,bonne,23,2,1,0.6248,0.608,0.7199,11,0,0,synthetic
ELV-7d25fed0c2,2026-02-04,3e,SVT,exercise,visuel,bonne,32,5,1,0.6641,0.4878,0.6065,11,1,0,synthetic
ELV-7d25fed0c2,2026-01-31,3e,Mathématiques,exercise,visuel,bonne,38,2,2,0.4945,0.5213,0.6022,12,0,1,synthetic
ELV-7d25fed0c2,2026-02-06,3e,Physique-Chimie,laboratory,visuel,bonne,22,2,2,0.5738,0.4724,0.5788,1,1,1,synthetic
ELV-7d25fed0c2,2026-02-16,3e,SVT,laboratory,visuel,bonne,38,3,2,0.5932,0.52,0.6211,0,0,0,synthetic
ELV-7a7c93a61e,2026-01-06,Terminale D,SVT,laboratory,pratique,moyenne,20,2,2,0.6016,0.5444,0.6484,1,1,0,synthetic
ELV-7a7c93a61e,2026-01-16,Terminale D,Mathématiques,course,pratique,moyenne,40,3,3,0.2034,0.2821,0.2528,12,0,1,synthetic
ELV-7a7c93a61e,2026-01-20,Terminale D,Physique-Chimie,course,pratique,moyenne,23,3,2,0.4233,0.445,0.4818,43,1,1,synthetic
ELV-7a7c93a61e,2026-01-18,Terminale D,SVT,exercise,pratique,moyenne,27,2,1,0.5838,0.4316,0.5282,5,0,1,synthetic
ELV-7a7c93a61e,2026-02-03,Terminale D,Mathématiques,exam,pratique,moyenne,26,2,1,0.3947,0.4313,0.5313,19,1,1,synthetic
ELV-7a7c93a61e,2026-02-18,Terminale D,Physique-Chimie,exercise,pratique,moyenne,25,2,2,0.282,0.2481,0.261,31,0,1,synthetic
ELV-7a7c93a61e,2026-02-14,Terminale D,SVT,exam,pratique,moyenne,28,1,1,0.508,0.421,0.5257,1,1,1,synthetic
ELV-7a7c93a61e,2026-03-06,Terminale D,Mathématiques,exercise,pratique,moyenne,27,3,2,0.6094,0.4704,0.5492,7,1,1,synthetic
ELV-f2139af50e,2026-01-06,Terminale C,Mathématiques,exercise,auditif,bonne,30,2,2,0.4637,0.4151,0.4412,2,1,1,synthetic
ELV-f2139af50e,2026-01-11,Terminale C,Physique-Chimie,exercise,auditif,bonne,27,1,2,0.4747,0.4749,0.4558,0,1,1,synthetic
ELV-f2139af50e,2026-01-17,Terminale C,SVT,exercise,auditif,bonne,41,4,1,0.7169,0.4794,0.6014,6,1,0,synthetic
ELV-f2139af50e,2026-01-28,Terminale C,Mathématiques,exercise,auditif,bonne,30,3,2,0.735,0.6543,0.7379,8,1,0,synthetic
ELV-f2139af50e,2026-02-09,Terminale C,Physique-Chimie,laboratory,auditif,bonne,37,1,0,0.6018,0.4033,0.5377,0,0,1,synthetic
ELV-f2139af50e,2026-02-09,Terminale C,SVT,course,auditif,bonne,14,1,0,0.8129,0.6366,0.7933,3,1,0,synthetic
ELV-f2139af50e,2026-02-17,Terminale C,Mathématiques,exercise,auditif,bonne,33,3,2,0.6076,0.5465,0.5939,7,1,1,synthetic
ELV-f2139af50e,2026-02-16,Terminale C,Physique-Chimie,course,auditif,bonne,38,3,3,0.6953,0.5408,0.5884,0,1,1,synthetic
ELV-991182b484,2026-01-08,Terminale D,Physique-Chimie,exercise,auditif,moyenne,27,2,1,0.6341,0.5692,0.6909,11,1,0,synthetic
ELV-991182b484,2026-01-16,Terminale D,SVT,course,auditif,moyenne,30,3,0,0.8133,0.681,0.8056,72,1,1,synthetic
ELV-991182b484,2026-01-13,Terminale D,Mathématiques,exercise,auditif,moyenne,29,2,1,0.6601,0.5756,0.6633,47,1,1,synthetic
ELV-991182b484,2026-01-23,Terminale D,Physique-Chimie,exercise,auditif,moyenne,23,1,1,0.6721,0.5752,0.6728,3,1,0,synthetic
ELV-991182b484,2026-02-01,Terminale D,SVT,exercise,auditif,moyenne,44,2,0,0.7584,0.569,0.6742,26,1,1,synthetic
ELV-991182b484,2026-02-17,Terminale D,Mathématiques,laboratory,auditif,moyenne,31,3,1,0.8219,0.6778,0.8175,4,1,0,synthetic
ELV-991182b484,2026-02-17,Terminale D,Physique-Chimie,course,auditif,moyenne,28,3,2,0.6432,0.5942,0.6639,7,1,0,synthetic
ELV-991182b484,2026-01-26,Terminale D,SVT,course,auditif,moyenne,17,1,0,0.8062,0.7452,0.833,2,0,0,synthetic
ELV-385cb7a718,2026-01-09,Terminale D,SVT,exercise,visuel,bonne,39,3,2,0.7906,0.5601,0.6304,0,0,0,synthetic
ELV-385cb7a718,2026-01-11,Terminale D,Mathématiques,exercise,visuel,bonne,31,2,1,0.5245,0.4304,0.4927,6,1,1,synthetic
ELV-385cb7a718,2026-01-12,Terminale D,Physique-Chimie,exercise,visuel,bonne,17,2,2,0.4643,0.4699,0.4993,7,1,1,synthetic
ELV-385cb7a718,2026-01-20,Terminale D,SVT,exercise,visuel,bonne,32,2,1,0.8034,0.6489,0.7121,1,1,0,synthetic
ELV-385cb7a718,2026-02-02,Terminale D,Mathématiques,laboratory,visuel,bonne,29,4,2,0.5766,0.4394,0.5138,0,1,1,synthetic
ELV-385cb7a718,2026-02-15,Terminale D,Physique-Chimie,course,visuel,bonne,21,1,2,0.7421,0.5689,0.6534,13,0,0,synthetic
ELV-385cb7a718,2026-02-22,Terminale D,SVT,exercise,visuel,bonne,28,1,1,0.7355,0.6336,0.7584,16,1,1,synthetic
ELV-385cb7a718,2026-03-05,Terminale D,Mathématiques,exercise,visuel,bonne,31,3,1,0.6913,0.5523,0.638,35,1,1,synthetic
ELV-51d1797f59,2026-01-09,Terminale D,Mathématiques,course,visuel,moyenne,17,3,2,0.6288,0.5022,0.5884,0,1,1,synthetic
ELV-51d1797f59,2026-01-11,Terminale D,Physique-Chimie,exercise,visuel,moyenne,21,1,2,0.3191,0.4173,0.4568,2,1,1,synthetic
ELV-51d1797f59,2026-01-21,Terminale D,SVT,course,visuel,moyenne,29,3,1,0.9025,0.6692,0.7617,4,1,0,synthetic
ELV-51d1797f59,2026-01-22,Terminale D,Mathématiques,exercise,visuel,moyenne,18,2,2,0.4019,0.4096,0.4333,1,1,1,synthetic
ELV-51d1797f59,2026-02-03,Terminale D,Physique-Chimie,exam,visuel,moyenne,16,1,1,0.555,0.5945,0.6665,1,1,0,synthetic
ELV-51d1797f59,2026-01-30,Terminale D,SVT,course,visuel,moyenne,29,2,2,0.6434,0.6824,0.7712,4,1,0,synthetic
ELV-51d1797f59,2026-02-18,Terminale D,Mathématiques,laboratory,visuel,moyenne,22,1,0,0.5532,0.5,0.6634,3,1,0,synthetic
ELV-51d1797f59,2026-02-18,Terminale D,Physique-Chimie,exam,visuel,moyenne,34,2,2,0.539,0.6254,0.722,26,1,1,synthetic
ELV-22a1b27e72,2026-01-05,Terminale C,Physique-Chimie,exercise,pratique,moyenne,51,4,1,0.258,0.0739,0.1021,0,1,1,synthetic
ELV-22a1b27e72,2026-01-17,Terminale C,SVT,exercise,pratique,moyenne,35,4,3,0.4045,0.179,0.2563,12,1,1,synthetic
ELV-22a1b27e72,2026-01-23,Terminale C,Mathématiques,laboratory,pratique,moyenne,30,4,2,0.2136,0.2249,0.2715,7,1,1,synthetic
ELV-22a1b27e72,2026-01-22,Terminale C,Physique-Chimie,exercise,pratique,moyenne,27,4,2,0.1687,0.1413,0.2313,33,0,1,synthetic
ELV-22a1b27e72,2026-01-21,Terminale C,SVT,course,pratique,moyenne,32,3,3,0.011,0.0181,0.0573,7,0,1,synthetic
ELV-22a1b27e72,2026-02-05,Terminale C,Mathématiques,exercise,pratique,moyenne,25,2,3,0.1699,0.2474,0.2866,8,1,1,synthetic
ELV-22a1b27e72,2026-02-07,Terminale C,Physique-Chimie,laboratory,pratique,moyenne,43,4,2,0.365,0.1924,0.2813,9,1,1,synthetic
ELV-22a1b27e72,2026-02-23,Terminale C,SVT,exercise,pratique,moyenne,27,3,2,0.2832,0.2776,0.3052,7,1,1,synthetic
ELV-ae3cfad7d0,2026-01-05,Terminale C,SVT,exercise,pratique,bonne,42,1,0,0.8699,0.7663,0.8902,6,1,0,synthetic
ELV-ae3cfad7d0,2026-01-17,Terminale C,Mathématiques,exam,pratique,bonne,27,1,1,0.8689,0.7293,0.8705,12,1,0,synthetic
ELV-ae3cfad7d0,2026-01-23,Terminale C,Physique-Chimie,exercise,pratique,bonne,27,1,1,0.8394,0.7692,0.9286,4,0,0,synthetic
ELV-ae3cfad7d0,2026-01-30,Terminale C,SVT,course,pratique,bonne,27,2,0,1.0,0.8501,0.9962,0,1,0,synthetic
ELV-ae3cfad7d0,2026-02-06,Terminale C,Mathématiques,exercise,pratique,bonne,36,1,0,0.8436,0.6908,0.7842,9,1,0,synthetic
ELV-ae3cfad7d0,2026-01-22,Terminale C,Physique-Chimie,exercise,pratique,bonne,25,3,0,0.8899,0.7834,0.9277,22,1,1,synthetic
ELV-ae3cfad7d0,2026-01-25,Terminale C,SVT,exercise,pratique,bonne,32,1,1,1.0,0.8992,1.0,0,1,0,synthetic
ELV-ae3cfad7d0,2026-02-16,Terminale C,Mathématiques,exercise,pratique,bonne,35,1,0,0.9812,0.762,0.8966,15,1,1,synthetic
ELV-6da06e00e2,2026-01-07,3e,Mathématiques,exam,visuel,moyenne,31,4,1,0.7573,0.5591,0.663,0,1,0,synthetic
ELV-6da06e00e2,2026-01-11,3e,Physique-Chimie,laboratory,visuel,moyenne,38,3,1,0.679,0.5583,0.7084,4,1,0,synthetic
ELV-6da06e00e2,2026-01-20,3e,SVT,laboratory,visuel,moyenne,30,3,0,0.8891,0.6596,0.7978,25,1,1,synthetic
ELV-6da06e00e2,2026-01-18,3e,Mathématiques,course,visuel,moyenne,32,1,0,0.8147,0.6502,0.7473,11,1,0,synthetic
ELV-6da06e00e2,2026-02-06,3e,Physique-Chimie,course,visuel,moyenne,28,2,2,0.535,0.4463,0.5177,29,1,1,synthetic
ELV-6da06e00e2,2026-01-22,3e,SVT,exam,visuel,moyenne,18,2,1,0.7312,0.612,0.7101,23,1,1,synthetic
ELV-6da06e00e2,2026-02-01,3e,Mathématiques,exercise,visuel,moyenne,29,2,1,0.6018,0.5653,0.6441,15,1,1,synthetic
ELV-6da06e00e2,2026-02-23,3e,Physique-Chimie,exercise,visuel,moyenne,18,2,1,0.6319,0.5331,0.629,10,1,0,synthetic
ELV-c3281392cd,2026-01-08,Terminale C,Physique-Chimie,course,pratique,moyenne,37,3,3,0.2104,0.1362,0.1763,3,0,1,synthetic
ELV-c3281392cd,2026-01-16,Terminale C,SVT,exercise,pratique,moyenne,37,3,3,0.161,0.1244,0.1413,28,0,1,synthetic
ELV-c3281392cd,2026-01-18,Terminale C,Mathématiques,course,pratique,moyenne,14,1,3,0.1227,0.1602,0.1528,3,0,1,synthetic
ELV-c3281392cd,2026-01-16,Terminale C,Physique-Chimie,exercise,pratique,moyenne,39,4,4,0.278,0.2388,0.3009,40,1,1,synthetic
ELV-c3281392cd,2026-01-22,Terminale C,SVT,course,pratique,moyenne,41,4,2,0.1646,0.1329,0.2056,16,0,1,synthetic
ELV-c3281392cd,2026-02-18,Terminale C,Mathématiques,course,pratique,moyenne,43,4,2,0.3163,0.1093,0.194,1,0,1,synthetic
ELV-c3281392cd,2026-01-24,Terminale C,Physique-Chimie,course,pratique,moyenne,34,4,4,0.0765,0.0766,0.1029,9,0,1,synthetic
ELV-c3281392cd,2026-02-05,Terminale C,SVT,exam,pratique,moyenne,17,3,3,0.2608,0.3458,0.4047,18,1,1,synthetic
ELV-01e4045f23,2026-01-08,Terminale D,SVT,course,visuel,moyenne,34,1,1,0.7756,0.6987,0.8022,8,1,0,synthetic
ELV-01e4045f23,2026-01-12,Terminale D,Mathématiques,exercise,visuel,moyenne,34,2,1,0.7959,0.7103,0.8521,2,1,0,synthetic
ELV-01e4045f23,2026-01-11,Terminale D,Physique-Chimie,exam,visuel,moyenne,36,2,1,0.661,0.5916,0.7032,3,0,0,synthetic
ELV-01e4045f23,2026-01-18,Terminale D,SVT,course,visuel,moyenne,30,1,1,0.7918,0.6668,0.773,5,0,0,synthetic
ELV-01e4045f23,2026-02-06,Terminale D,Mathématiques,exercise,visuel,moyenne,30,2,1,0.8685,0.7796,0.8428,9,1,0,synthetic
ELV-01e4045f23,2026-02-14,Terminale D,Physique-Chimie,course,visuel,moyenne,30,3,1,0.6146,0.5256,0.6758,1,1,0,synthetic
ELV-01e4045f23,2026-02-24,Terminale D,SVT,course,visuel,moyenne,40,2,2,0.8637,0.7106,0.7974,5,1,0,synthetic
ELV-01e4045f23,2026-03-02,Terminale D,Mathématiques,laboratory,visuel,moyenne,28,1,1,0.886,0.7472,0.8886,7,1,0,synthetic
ELV-ebccaf1327,2026-01-07,Terminale D,Mathématiques,exercise,auditif,bonne,36,2,2,0.607,0.5274,0.5976,12,1,1,synthetic
ELV-ebccaf1327,2026-01-15,Terminale D,Physique-Chimie,course,auditif,bonne,31,4,2,0.6572,0.53,0.6515,15,1,1,synthetic
ELV-ebccaf1327,2026-01-23,Terminale D,SVT,laboratory,auditif,bonne,36,3,2,0.4687,0.4102,0.5548,1,1,1,synthetic
ELV-ebccaf1327,2026-01-29,Terminale D,Mathématiques,course,auditif,bonne,33,1,1,0.6748,0.5567,0.6672,9,1,0,synthetic
ELV-ebccaf1327,2026-02-08,Terminale D,Physique-Chimie,course,auditif,bonne,40,4,2,0.5047,0.5202,0.5731,2,1,1,synthetic
ELV-ebccaf1327,2026-02-18,Terminale D,SVT,course,auditif,bonne,13,2,1,0.6754,0.5352,0.6325,0,1,0,synthetic
ELV-ebccaf1327,2026-02-05,Terminale D,Mathématiques,exercise,auditif,bonne,29,4,2,0.4863,0.4305,0.4991,2,1,1,synthetic
ELV-ebccaf1327,2026-02-02,Terminale D,Physique-Chimie,exam,auditif,bonne,24,3,3,0.4599,0.4475,0.4829,0,0,1,synthetic
ELV-7bed255f73,2026-01-05,3e,Physique-Chimie,laboratory,pratique,bonne,45,3,1,0.7011,0.5036,0.5596,20,0,1,synthetic
ELV-7bed255f73,2026-01-13,3e,SVT,exercise,pratique,bonne,27,3,2,0.5975,0.5575,0.6089,4,1,0,synthetic
ELV-7bed255f73,2026-01-14,3e,Mathématiques,exam,pratique,bonne,33,3,3,0.4123,0.3222,0.3792,13,1,1,synthetic
ELV-7bed255f73,2026-02-02,3e,Physique-Chimie,exercise,pratique,bonne,40,2,3,0.5714,0.5111,0.5404,9,1,1,synthetic
ELV-7bed255f73,2026-01-29,3e,SVT,exam,pratique,bonne,15,2,2,0.486,0.4592,0.4999,6,0,1,synthetic
ELV-7bed255f73,2026-02-15,3e,Mathématiques,laboratory,pratique,bonne,28,3,3,0.5836,0.3567,0.4386,11,0,1,synthetic
ELV-7bed255f73,2026-02-07,3e,Physique-Chimie,exercise,pratique,bonne,24,3,0,0.4989,0.4087,0.5242,5,1,1,synthetic
ELV-7bed255f73,2026-03-06,3e,SVT,exercise,pratique,bonne,38,2,1,0.5185,0.4118,0.519,1,0,1,synthetic
ELV-6079999560,2026-01-08,Terminale D,SVT,laboratory,auditif,moyenne,51,4,1,0.6977,0.5163,0.6419,27,1,1,synthetic
ELV-6079999560,2026-01-12,Terminale D,Mathématiques,exercise,auditif,moyenne,31,3,1,0.6014,0.4914,0.5575,0,1,1,synthetic
ELV-6079999560,2026-01-25,Terminale D,Physique-Chimie,exercise,auditif,moyenne,36,3,1,0.4749,0.4807,0.5658,1,1,1,synthetic
ELV-6079999560,2026-01-16,Terminale D,SVT,exam,auditif,moyenne,33,1,1,0.5659,0.4623,0.5281,14,0,1,synthetic
ELV-6079999560,2026-01-27,Terminale D,Mathématiques,laboratory,auditif,moyenne,37,3,3,0.4113,0.388,0.4392,11,1,1,synthetic
ELV-6079999560,2026-02-15,Terminale D,Physique-Chimie,exercise,auditif,moyenne,44,3,1,0.5652,0.5216,0.639,1,1,0,synthetic
ELV-6079999560,2026-02-24,Terminale D,SVT,laboratory,auditif,moyenne,28,1,2,0.5304,0.5605,0.6606,3,0,1,synthetic
ELV-6079999560,2026-02-18,Terminale D,Mathématiques,laboratory,auditif,moyenne,30,2,2,0.5752,0.5661,0.6596,27,1,1,synthetic
ELV-faaffc3b68,2026-01-06,Terminale D,Mathématiques,course,pratique,bonne,20,1,1,0.7613,0.5933,0.6615,25,1,1,synthetic
ELV-faaffc3b68,2026-01-08,Terminale D,Physique-Chimie,exercise,pratique,bonne,25,2,2,0.6548,0.4855,0.6003,3,1,0,synthetic
ELV-faaffc3b68,2026-01-13,Terminale D,SVT,course,pratique,bonne,42,3,2,0.6158,0.5073,0.5936,11,1,1,synthetic
ELV-faaffc3b68,2026-01-23,Terminale D,Mathématiques,laboratory,pratique,bonne,27,4,2,0.4835,0.4672,0.5641,17,0,1,synthetic
ELV-faaffc3b68,2026-02-02,Terminale D,Physique-Chimie,course,pratique,bonne,41,2,2,0.4555,0.4427,0.5044,20,1,1,synthetic
ELV-faaffc3b68,2026-02-08,Terminale D,SVT,exam,pratique,bonne,32,2,1,0.5906,0.4243,0.5252,15,1,1,synthetic
ELV-faaffc3b68,2026-02-20,Terminale D,Mathématiques,exam,pratique,bonne,38,3,2,0.7402,0.5404,0.6198,14,0,1,synthetic
ELV-faaffc3b68,2026-02-06,Terminale D,Physique-Chimie,laboratory,pratique,bonne,29,2,3,0.5225,0.3811,0.4287,1,1,1,synthetic
ELV-bedd3ba623,2026-01-06,Terminale C,Physique-Chimie,laboratory,auditif,bonne,30,2,1,0.8138,0.7405,0.8842,6,1,0,synthetic
ELV-bedd3ba623,2026-01-12,Terminale C,SVT,exam,auditif,bonne,4,2,1,0.9033,0.8206,0.9992,22,1,1,synthetic
ELV-bedd3ba623,2026-01-21,Terminale C,Mathématiques,exam,auditif,bonne,43,3,1,0.8274,0.6821,0.81,25,0,1,synthetic
ELV-bedd3ba623,2026-01-22,Terminale C,Physique-Chimie,exercise,auditif,bonne,23,2,0,1.0,0.8267,0.9618,3,1,0,synthetic
ELV-bedd3ba623,2026-02-02,Terminale C,SVT,exercise,auditif,bonne,35,1,0,0.9597,0.7428,0.8814,9,1,0,synthetic
ELV-bedd3ba623,2026-02-01,Terminale C,Mathématiques,laboratory,auditif,bonne,29,1,1,1.0,0.9577,1.0,14,1,1,synthetic
ELV-bedd3ba623,2026-02-17,Terminale C,Physique-Chimie,exercise,auditif,bonne,31,1,2,0.7747,0.724,0.7859,3,1,0,synthetic
ELV-bedd3ba623,2026-02-18,Terminale C,SVT,exercise,auditif,bonne,29,1,1,0.9144,0.8106,0.9382,6,1,0,synthetic
ELV-fbc3d56c20,2026-01-08,Terminale D,SVT,exercise,auditif,faible,42,1,1,0.9636,0.7967,0.9162,5,1,0,synthetic
ELV-fbc3d56c20,2026-01-16,Terminale D,Mathématiques,course,auditif,faible,23,3,2,0.8296,0.7163,0.79,5,0,0,synthetic
ELV-fbc3d56c20,2026-01-13,Terminale D,Physique-Chimie,exercise,auditif,faible,30,2,1,0.6982,0.722,0.828,8,1,0,synthetic
ELV-fbc3d56c20,2026-01-17,Terminale D,SVT,exercise,auditif,faible,30,1,0,0.9671,0.8556,0.981,20,1,1,synthetic
ELV-fbc3d56c20,2026-01-18,Terminale D,Mathématiques,course,auditif,faible,33,1,1,0.7342,0.763,0.8752,22,0,1,synthetic
ELV-fbc3d56c20,2026-02-14,Terminale D,Physique-Chimie,laboratory,auditif,faible,30,3,1,0.6979,0.6553,0.757,3,1,0,synthetic
ELV-fbc3d56c20,2026-02-05,Terminale D,SVT,laboratory,auditif,faible,36,2,0,1.0,0.964,1.0,5,1,0,synthetic
ELV-fbc3d56c20,2026-01-26,Terminale D,Mathématiques,exam,auditif,faible,31,2,0,0.7859,0.6332,0.7307,1,1,0,synthetic
ELV-f413b4bbab,2026-01-08,3e,Mathématiques,laboratory,auditif,faible,33,3,4,0.3353,0.3942,0.4747,3,0,1,synthetic
ELV-f413b4bbab,2026-01-13,3e,Physique-Chimie,exercise,auditif,faible,28,3,2,0.284,0.3721,0.4171,1,0,1,synthetic
ELV-f413b4bbab,2026-01-15,3e,SVT,exercise,auditif,faible,34,3,2,0.4553,0.4157,0.4528,1,0,1,synthetic
ELV-f413b4bbab,2026-02-02,3e,Mathématiques,course,auditif,faible,29,2,3,0.5388,0.4824,0.5568,1,1,1,synthetic
ELV-f413b4bbab,2026-02-02,3e,Physique-Chimie,course,auditif,faible,25,4,1,0.5118,0.4349,0.5245,4,1,1,synthetic
ELV-f413b4bbab,2026-01-22,3e,SVT,course,auditif,faible,37,3,2,0.5837,0.5425,0.6141,5,0,0,synthetic
ELV-f413b4bbab,2026-02-24,3e,Mathématiques,course,auditif,faible,23,2,2,0.2961,0.4238,0.4873,0,1,1,synthetic
ELV-f413b4bbab,2026-02-02,3e,Physique-Chimie,exam,auditif,faible,32,3,2,0.4777,0.4235,0.4612,1,1,1,synthetic
ELV-a9e16409a7,2026-01-08,Terminale C,Physique-Chimie,exercise,auditif,moyenne,35,3,1,0.5279,0.4461,0.535,6,1,1,synthetic
ELV-a9e16409a7,2026-01-11,Terminale C,SVT,exercise,auditif,moyenne,33,1,2,0.5249,0.4685,0.5532,9,0,1,synthetic
ELV-a9e16409a7,2026-01-23,Terminale C,Mathématiques,course,auditif,moyenne,32,3,2,0.3559,0.3603,0.4515,5,1,1,synthetic
ELV-a9e16409a7,2026-01-31,Terminale C,Physique-Chimie,course,auditif,moyenne,39,3,1,0.745,0.5592,0.6744,14,1,1,synthetic
ELV-a9e16409a7,2026-02-06,Terminale C,SVT,course,auditif,moyenne,33,2,1,0.5709,0.4842,0.6043,0,1,0,synthetic
ELV-a9e16409a7,2026-02-16,Terminale C,Mathématiques,laboratory,auditif,moyenne,30,4,3,0.4904,0.4047,0.489,5,1,1,synthetic
ELV-a9e16409a7,2026-02-17,Terminale C,Physique-Chimie,exercise,auditif,moyenne,37,5,3,0.5271,0.3867,0.428,11,1,1,synthetic
ELV-a9e16409a7,2026-02-23,Terminale C,SVT,laboratory,auditif,moyenne,28,4,2,0.5459,0.4423,0.5565,18,1,1,synthetic
ELV-2276efa34e,2026-01-09,3e,SVT,exercise,visuel,bonne,17,1,1,0.9243,0.8115,0.9464,4,0,0,synthetic
ELV-2276efa34e,2026-01-14,3e,Mathématiques,course,visuel,bonne,24,3,1,0.6849,0.6009,0.6855,0,1,0,synthetic
ELV-2276efa34e,2026-01-16,3e,Physique-Chimie,exercise,visuel,bonne,10,2,1,0.7254,0.566,0.6529,5,1,0,synthetic
ELV-2276efa34e,2026-01-22,3e,SVT,exam,visuel,bonne,30,1,0,1.0,0.8682,1.0,0,1,0,synthetic
ELV-2276efa34e,2026-01-20,3e,Mathématiques,course,visuel,bonne,35,1,0,1.0,0.8514,0.9635,2,1,0,synthetic
ELV-2276efa34e,2026-02-15,3e,Physique-Chimie,course,visuel,bonne,25,3,0,0.8224,0.6583,0.7759,10,1,0,synthetic
ELV-2276efa34e,2026-02-04,3e,SVT,laboratory,visuel,bonne,23,2,0,0.8685,0.7045,0.8255,4,1,0,synthetic
ELV-2276efa34e,2026-02-09,3e,Mathématiques,exam,visuel,bonne,25,1,2,0.5639,0.6027,0.6993,6,1,0,synthetic
ELV-5288154654,2026-01-08,Terminale D,Mathématiques,exercise,visuel,moyenne,18,1,1,0.5656,0.5611,0.663,7,0,0,synthetic
ELV-5288154654,2026-01-12,Terminale D,Physique-Chimie,course,visuel,moyenne,30,1,2,0.7395,0.7179,0.8286,25,1,1,synthetic
ELV-5288154654,2026-01-19,Terminale D,SVT,course,visuel,moyenne,31,2,1,0.9548,0.8227,0.9991,1,0,0,synthetic
ELV-5288154654,2026-01-26,Terminale D,Mathématiques,exercise,visuel,moyenne,47,4,2,0.4342,0.4737,0.5283,0,1,1,synthetic
ELV-5288154654,2026-02-05,Terminale D,Physique-Chimie,exercise,visuel,moyenne,26,1,3,0.6611,0.7399,0.8163,4,0,0,synthetic
ELV-5288154654,2026-02-06,Terminale D,SVT,exercise,visuel,moyenne,11,1,0,0.888,0.8149,0.9168,37,1,1,synthetic
ELV-5288154654,2026-02-10,Terminale D,Mathématiques,course,visuel,moyenne,17,1,1,0.7922,0.7069,0.8349,0,0,0,synthetic
ELV-5288154654,2026-01-27,Terminale D,Physique-Chimie,course,visuel,moyenne,35,1,2,0.867,0.7167,0.8281,21,1,1,synthetic
ELV-29fd4cf8c0,2026-01-05,3e,Physique-Chimie,laboratory,visuel,moyenne,23,2,2,0.7359,0.6161,0.7853,1,1,0,synthetic
ELV-29fd4cf8c0,2026-01-11,3e,SVT,course,visuel,moyenne,25,1,1,0.8076,0.6652,0.7703,13,1,0,synthetic
ELV-29fd4cf8c0,2026-01-14,3e,Mathématiques,exam,visuel,moyenne,28,1,2,0.4972,0.4615,0.5342,8,0,1,synthetic
ELV-29fd4cf8c0,2026-01-31,3e,Physique-Chimie,course,visuel,moyenne,20,2,1,0.6497,0.5521,0.6554,12,1,0,synthetic
ELV-29fd4cf8c0,2026-01-24,3e,SVT,exercise,visuel,moyenne,22,3,1,0.7735,0.6059,0.74,2,1,0,synthetic
ELV-29fd4cf8c0,2026-02-16,3e,Mathématiques,course,visuel,moyenne,32,1,0,0.8526,0.6801,0.8402,8,1,0,synthetic
ELV-29fd4cf8c0,2026-02-22,3e,Physique-Chimie,exercise,visuel,moyenne,28,3,2,0.4635,0.4146,0.4833,5,0,1,synthetic
ELV-29fd4cf8c0,2026-02-18,3e,SVT,exam,visuel,moyenne,22,1,0,0.9187,0.7548,0.9116,18,1,1,synthetic
ELV-0eefedc1a1,2026-01-08,Terminale C,SVT,laboratory,auditif,faible,22,1,0,0.8242,0.79,0.9063,3,1,0,synthetic
ELV-0eefedc1a1,2026-01-14,Terminale C,Mathématiques,course,auditif,faible,23,3,1,0.5702,0.5943,0.7101,0,1,0,synthetic
ELV-0eefedc1a1,2026-01-25,Terminale C,Physique-Chimie,exercise,auditif,faible,43,3,0,0.7122,0.6552,0.7538,1,1,0,synthetic
ELV-0eefedc1a1,2026-01-24,Terminale C,SVT,laboratory,auditif,faible,19,1,1,0.8459,0.851,0.964,3,0,0,synthetic
ELV-0eefedc1a1,2026-02-05,Terminale C,Mathématiques,laboratory,auditif,faible,41,1,1,0.7826,0.7074,0.8734,14,1,1,synthetic
ELV-0eefedc1a1,2026-02-18,Terminale C,Physique-Chimie,laboratory,auditif,faible,23,2,1,0.5879,0.5868,0.686,13,1,0,synthetic
ELV-0eefedc1a1,2026-02-22,Terminale C,SVT,exercise,auditif,faible,25,1,0,0.7998,0.7415,0.8579,0,0,0,synthetic
ELV-0eefedc1a1,2026-02-19,Terminale C,Mathématiques,exercise,auditif,faible,16,1,2,0.713,0.6936,0.7954,13,1,0,synthetic
ELV-8a12755a31,2026-01-06,Terminale D,Mathématiques,course,pratique,moyenne,37,3,3,0.5452,0.4543,0.4829,0,1,1,synthetic
ELV-8a12755a31,2026-01-13,Terminale D,Physique-Chimie,exercise,pratique,moyenne,35,5,2,0.342,0.2563,0.3356,7,1,1,synthetic
ELV-8a12755a31,2026-01-21,Terminale D,SVT,laboratory,pratique,moyenne,19,2,4,0.2355,0.3043,0.3085,1,0,1,synthetic
ELV-8a12755a31,2026-01-28,Terminale D,Mathématiques,exercise,pratique,moyenne,28,3,2,0.5751,0.4021,0.4689,5,1,1,synthetic
ELV-8a12755a31,2026-02-04,Terminale D,Physique-Chimie,exercise,pratique,moyenne,17,3,4,0.3627,0.3032,0.3471,11,1,1,synthetic
ELV-8a12755a31,2026-02-10,Terminale D,SVT,exam,pratique,moyenne,30,5,3,0.3629,0.3551,0.4131,3,0,1,synthetic
ELV-8a12755a31,2026-02-07,Terminale D,Mathématiques,course,pratique,moyenne,27,2,2,0.2812,0.2204,0.2585,34,1,1,synthetic
ELV-8a12755a31,2026-02-03,Terminale D,Physique-Chimie,exam,pratique,moyenne,26,2,3,0.3424,0.3881,0.4127,1,1,1,synthetic
ELV-79b87dd2db,2026-01-05,3e,Physique-Chimie,course,pratique,bonne,27,1,3,0.3682,0.4124,0.4432,2,1,1,synthetic
ELV-79b87dd2db,2026-01-13,3e,SVT,exercise,pratique,bonne,29,2,3,0.6531,0.5292,0.5817,8,1,1,synthetic
ELV-79b87dd2db,2026-01-16,3e,Mathématiques,exercise,pratique,bonne,32,3,1,0.7113,0.6238,0.7784,7,1,0,synthetic
ELV-79b87dd2db,2026-01-30,3e,Physique-Chimie,exam,pratique,bonne,27,3,1,0.7292,0.6369,0.7453,6,1,0,synthetic
ELV-79b87dd2db,2026-01-26,3e,SVT,laboratory,pratique,bonne,15,1,1,0.6934,0.6546,0.7944,0,1,0,synthetic
ELV-79b87dd2db,2026-01-26,3e,Mathématiques,exercise,pratique,bonne,39,3,3,0.5407,0.4248,0.4594,1,0,1,synthetic
ELV-79b87dd2db,2026-02-22,3e,Physique-Chimie,course,pratique,bonne,33,3,1,0.4782,0.4798,0.5659,31,1,1,synthetic
ELV-79b87dd2db,2026-02-16,3e,SVT,exercise,pratique,bonne,34,2,1,0.4594,0.4431,0.544,0,1,1,synthetic
ELV-c439e3967b,2026-01-05,Terminale C,SVT,laboratory,pratique,faible,38,3,4,0.1681,0.3378,0.3837,0,1,1,synthetic
ELV-c439e3967b,2026-01-11,Terminale C,Mathématiques,laboratory,pratique,faible,29,3,2,0.4739,0.4622,0.5658,8,1,1,synthetic
ELV-c439e3967b,2026-01-22,Terminale C,Physique-Chimie,exercise,pratique,faible,31,4,2,0.4773,0.3968,0.4599,0,1,1,synthetic
ELV-c439e3967b,2026-01-24,Terminale C,SVT,exercise,pratique,faible,31,4,3,0.3103,0.3126,0.3376,8,1,1,synthetic
ELV-c439e3967b,2026-02-09,Terminale C,Mathématiques,course,pratique,faible,22,2,2,0.3579,0.5027,0.5334,5,0,1,synthetic
ELV-c439e3967b,2026-02-16,Terminale C,Physique-Chimie,laboratory,pratique,faible,26,2,3,0.2219,0.3236,0.3153,26,1,1,synthetic
ELV-c439e3967b,2026-02-19,Terminale C,SVT,exercise,pratique,faible,37,2,2,0.4802,0.4645,0.504,9,0,1,synthetic
ELV-c439e3967b,2026-03-02,Terminale C,Mathématiques,exercise,pratique,faible,31,1,1,0.4842,0.3597,0.4153,11,1,1,synthetic
ELV-4f293deefb,2026-01-05,3e,Mathématiques,course,visuel,bonne,39,2,3,0.4044,0.3538,0.3758,11,1,1,synthetic
ELV-4f293deefb,2026-01-11,3e,Physique-Chimie,course,visuel,bonne,30,2,0,0.7061,0.5346,0.6807,2,0,0,synthetic
ELV-4f293deefb,2026-01-13,3e,SVT,exercise,visuel,bonne,38,2,1,0.6944,0.5353,0.6141,9,1,0,synthetic
ELV-4f293deefb,2026-02-02,3e,Mathématiques,exercise,visuel,bonne,31,2,2,0.5499,0.4119,0.4865,12,1,1,synthetic
ELV-4f293deefb,2026-02-02,3e,Physique-Chimie,laboratory,visuel,bonne,32,2,2,0.5163,0.5031,0.6334,1,1,1,synthetic
ELV-4f293deefb,2026-01-24,3e,SVT,laboratory,visuel,bonne,24,1,1,0.7639,0.6441,0.7708,13,1,0,synthetic
ELV-4f293deefb,2026-02-10,3e,Mathématiques,exercise,visuel,bonne,23,2,2,0.3228,0.3279,0.3933,2,1,1,synthetic
ELV-4f293deefb,2026-02-17,3e,Physique-Chimie,course,visuel,bonne,39,2,2,0.5487,0.5082,0.5936,1,1,1,synthetic
ELV-63b2e487ad,2026-01-09,Terminale D,Physique-Chimie,course,visuel,bonne,32,4,0,0.5797,0.4824,0.5876,16,1,1,synthetic
ELV-63b2e487ad,2026-01-13,Terminale D,SVT,exercise,visuel,bonne,36,2,2,0.4573,0.4523,0.4879,4,1,1,synthetic
ELV-63b2e487ad,2026-01-18,Terminale D,Mathématiques,exam,visuel,bonne,18,2,2,0.6141,0.5252,0.6007,2,1,0,synthetic
ELV-63b2e487ad,2026-02-01,Terminale D,Physique-Chimie,exercise,visuel,bonne,22,1,1,0.6541,0.4835,0.5797,15,1,1,synthetic
ELV-63b2e487ad,2026-02-06,Terminale D,SVT,course,visuel,bonne,17,2,1,0.8127,0.6044,0.6988,0,1,0,synthetic
ELV-63b2e487ad,2026-01-20,Terminale D,Mathématiques,exercise,visuel,bonne,39,3,1,0.6143,0.4871,0.563,5,1,1,synthetic
ELV-63b2e487ad,2026-02-07,Terminale D,Physique-Chimie,course,visuel,bonne,24,3,1,0.5862,0.4359,0.5181,10,1,1,synthetic
ELV-63b2e487ad,2026-02-25,Terminale D,SVT,laboratory,visuel,bonne,33,2,1,0.62,0.4591,0.5722,3,1,1,synthetic
ELV-e24c65c7f1,2026-01-07,3e,SVT,course,pratique,moyenne,28,4,2,0.5559,0.4768,0.6015,24,1,1,synthetic
ELV-e24c65c7f1,2026-01-12,3e,Mathématiques,exam,pratique,moyenne,25,3,1,0.3381,0.3367,0.4047,6,1,1,synthetic
ELV-e24c65c7f1,2026-01-12,3e,Physique-Chimie,exercise,pratique,moyenne,26,2,1,0.738,0.535,0.6313,10,1,0,synthetic
ELV-e24c65c7f1,2026-01-21,3e,SVT,exam,pratique,moyenne,31,2,2,0.5047,0.5015,0.5437,7,1,1,synthetic
ELV-e24c65c7f1,2026-01-26,3e,Mathématiques,exam,pratique,moyenne,20,1,2,0.5048,0.5537,0.5931,10,0,1,synthetic
ELV-e24c65c7f1,2026-02-16,3e,Physique-Chimie,course,pratique,moyenne,34,1,1,0.7687,0.5702,0.6961,12,1,0,synthetic
ELV-e24c65c7f1,2026-01-24,3e,SVT,exercise,pratique,moyenne,30,3,1,0.7992,0.6192,0.7065,2,0,0,synthetic
ELV-e24c65c7f1,2026-02-02,3e,Mathématiques,course,pratique,moyenne,40,1,2,0.5797,0.435,0.5233,5,1,1,synthetic
ELV-28b0c2c1a1,2026-01-05,3e,Mathématiques,exercise,visuel,moyenne,11,2,2,0.4962,0.5797,0.6716,2,1,1,synthetic
ELV-28b0c2c1a1,2026-01-12,3e,Physique-Chimie,course,visuel,moyenne,20,2,1,0.7384,0.7379,0.8617,5,1,0,synthetic
ELV-28b0c2c1a1,2026-01-15,3e,SVT,course,visuel,moyenne,24,1,1,0.6818,0.6472,0.6933,6,1,0,synthetic
ELV-28b0c2c1a1,2026-01-29,3e,Mathématiques,exercise,visuel,moyenne,30,1,1,0.8923,0.8124,0.9223,7,1,0,synthetic
ELV-28b0c2c1a1,2026-02-03,3e,Physique-Chimie,exam,visuel,moyenne,30,1,2,0.7842,0.7079,0.7734,15,1,1,synthetic
ELV-28b0c2c1a1,2026-02-06,3e,SVT,exercise,visuel,moyenne,21,1,1,1.0,0.8968,1.0,3,1,0,synthetic
ELV-28b0c2c1a1,2026-02-25,3e,Mathématiques,exercise,visuel,moyenne,29,1,2,0.7538,0.6745,0.7552,0,1,0,synthetic
ELV-28b0c2c1a1,2026-03-04,3e,Physique-Chimie,laboratory,visuel,moyenne,54,3,2,0.7057,0.5671,0.6522,15,1,1,synthetic
ELV-b389561db9,2026-01-09,3e,Physique-Chimie,exercise,pratique,moyenne,40,3,1,0.573,0.3433,0.4646,5,1,1,synthetic
ELV-b389561db9,2026-01-12,3e,SVT,exercise,pratique,moyenne,37,3,2,0.4517,0.3873,0.408,0,1,1,synthetic
ELV-b389561db9,2026-01-20,3e,Mathématiques,course,pratique,moyenne,43,2,3,0.3392,0.242,0.278,0,1,1,synthetic
ELV-b389561db9,2026-01-30,3e,Physique-Chimie,exercise,pratique,moyenne,33,3,2,0.3321,0.2747,0.298,2,1,1,synthetic
ELV-b389561db9,2026-01-29,3e,SVT,exercise,pratique,moyenne,32,3,1,0.6676,0.5005,0.6294,9,0,0,synthetic
ELV-b389561db9,2026-02-08,3e,Mathématiques,exercise,pratique,moyenne,22,3,2,0.4742,0.4659,0.5358,2,0,1,synthetic
ELV-b389561db9,2026-02-11,3e,Physique-Chimie,exam,pratique,moyenne,39,3,2,0.4558,0.3219,0.416,1,0,1,synthetic
ELV-b389561db9,2026-01-26,3e,SVT,laboratory,pratique,moyenne,19,3,2,0.4602,0.3587,0.4389,3,1,1,synthetic
ELV-eca93c0849,2026-01-06,3e,SVT,course,auditif,bonne,38,3,2,0.678,0.4623,0.5378,10,1,1,synthetic
ELV-eca93c0849,2026-01-13,3e,Mathématiques,exercise,auditif,bonne,25,3,2,0.4839,0.3433,0.3933,10,0,1,synthetic
ELV-eca93c0849,2026-01-17,3e,Physique-Chimie,laboratory,auditif,bonne,35,3,2,0.6845,0.511,0.6326,7,1,0,synthetic
ELV-eca93c0849,2026-01-23,3e,SVT,exercise,auditif,bonne,25,2,1,0.5454,0.4947,0.6018,18,1,1,synthetic
ELV-eca93c0849,2026-01-22,3e,Mathématiques,exercise,auditif,bonne,15,1,4,0.3779,0.3924,0.4466,21,1,1,synthetic
ELV-eca93c0849,2026-02-04,3e,Physique-Chimie,exam,auditif,bonne,33,3,3,0.403,0.2875,0.3224,3,0,1,synthetic
ELV-eca93c0849,2026-01-24,3e,SVT,exercise,auditif,bonne,33,3,2,0.6013,0.4585,0.5105,6,1,1,synthetic
ELV-eca93c0849,2026-03-05,3e,Mathématiques,course,auditif,bonne,30,3,3,0.451,0.4455,0.5079,35,1,1,synthetic
ELV-cdc87ac308,2026-01-07,Terminale C,Mathématiques,exercise,visuel,bonne,38,1,1,1.0,0.9322,1.0,1,1,0,synthetic
ELV-cdc87ac308,2026-01-12,Terminale C,Physique-Chimie,laboratory,visuel,bonne,24,2,1,1.0,1.0,1.0,22,1,1,synthetic
ELV-cdc87ac308,2026-01-19,Terminale C,SVT,course,visuel,bonne,23,1,0,1.0,1.0,1.0,6,1,0,synthetic
ELV-cdc87ac308,2026-01-18,Terminale C,Mathématiques,laboratory,visuel,bonne,43,2,0,1.0,0.9766,1.0,2,1,0,synthetic
ELV-cdc87ac308,2026-02-03,Terminale C,Physique-Chimie,exam,visuel,bonne,20,1,1,0.9277,0.9448,1.0,2,1,0,synthetic
ELV-cdc87ac308,2026-02-05,Terminale C,SVT,exercise,visuel,bonne,38,1,0,1.0,1.0,1.0,5,1,0,synthetic
ELV-cdc87ac308,2026-02-24,Terminale C,Mathématiques,course,visuel,bonne,30,2,0,1.0,0.8829,1.0,3,1,0,synthetic
ELV-cdc87ac308,2026-02-05,Terminale C,Physique-Chimie,exercise,visuel,bonne,17,2,0,1.0,1.0,1.0,11,1,0,synthetic
ELV-c5a250b44a,2026-01-05,Terminale C,Physique-Chimie,exam,auditif,bonne,20,2,2,0.6841,0.5998,0.6688,0,1,0,synthetic
ELV-c5a250b44a,2026-01-10,Terminale C,SVT,exercise,auditif,bonne,25,1,2,0.6787,0.674,0.7279,2,1,0,synthetic
ELV-c5a250b44a,2026-01-23,Terminale C,Mathématiques,exam,auditif,bonne,27,2,1,0.7741,0.6302,0.7334,6,1,0,synthetic
ELV-c5a250b44a,2026-01-28,Terminale C,Physique-Chimie,exam,auditif,bonne,30,2,1,0.7506,0.636,0.7412,1,1,0,synthetic
ELV-c5a250b44a,2026-01-28,Terminale C,SVT,exercise,auditif,bonne,18,1,1,0.9422,0.7898,0.946,0,1,0,synthetic
ELV-c5a250b44a,2026-02-13,Terminale C,Mathématiques,exercise,auditif,bonne,20,1,2,0.7158,0.538,0.647,2,1,0,synthetic
ELV-c5a250b44a,2026-01-29,Terminale C,Physique-Chimie,exercise,auditif,bonne,27,3,1,0.7072,0.6633,0.76,4,1,0,synthetic
ELV-c5a250b44a,2026-02-03,Terminale C,SVT,course,auditif,bonne,31,1,2,0.5643,0.5409,0.6306,13,0,0,synthetic
ELV-9162ac69e1,2026-01-06,Terminale D,SVT,laboratory,auditif,faible,23,1,1,0.667,0.7237,0.8313,11,0,0,synthetic
ELV-9162ac69e1,2026-01-13,Terminale D,Mathématiques,exercise,auditif,faible,27,1,2,0.497,0.4748,0.558,10,1,1,synthetic
ELV-9162ac69e1,2026-01-15,Terminale D,Physique-Chimie,course,auditif,faible,42,3,4,0.3325,0.3772,0.44,2,0,1,synthetic
ELV-9162ac69e1,2026-01-16,Terminale D,SVT,course,auditif,faible,23,2,2,0.6597,0.6025,0.6695,4,1,0,synthetic
ELV-9162ac69e1,2026-01-17,Terminale D,Mathématiques,exercise,auditif,faible,48,4,2,0.6483,0.5312,0.628,1,1,0,synthetic
ELV-9162ac69e1,2026-02-04,Terminale D,Physique-Chimie,laboratory,auditif,faible,20,2,1,0.614,0.5901,0.6943,71,1,1,synthetic
ELV-9162ac69e1,2026-01-31,Terminale D,SVT,laboratory,auditif,faible,25,2,2,0.7468,0.6364,0.7571,1,1,0,synthetic
ELV-9162ac69e1,2026-03-05,Terminale D,Mathématiques,laboratory,auditif,faible,34,2,3,0.5904,0.4851,0.6217,13,0,0,synthetic
ELV-8d7470d8c8,2026-01-09,Terminale C,Mathématiques,exercise,visuel,moyenne,25,1,2,0.602,0.472,0.5329,10,0,1,synthetic
ELV-8d7470d8c8,2026-01-10,Terminale C,Physique-Chimie,course,visuel,moyenne,34,2,2,0.6052,0.5437,0.5951,6,1,1,synthetic
ELV-8d7470d8c8,2026-01-16,Terminale C,SVT,exam,visuel,moyenne,20,1,2,0.5787,0.5973,0.6816,5,1,0,synthetic
ELV-8d7470d8c8,2026-01-28,Terminale C,Mathématiques,exam,visuel,moyenne,29,1,0,0.9416,0.7447,0.9062,2,1,0,synthetic
ELV-8d7470d8c8,2026-01-22,Terminale C,Physique-Chimie,laboratory,visuel,moyenne,17,2,1,0.6024,0.4572,0.5619,0,0,1,synthetic
ELV-8d7470d8c8,2026-02-10,Terminale C,SVT,exercise,visuel,moyenne,33,1,1,0.8272,0.6605,0.756,11,1,0,synthetic
ELV-8d7470d8c8,2026-02-13,Terminale C,Mathématiques,exercise,visuel,moyenne,34,3,3,0.3953,0.4071,0.5006,10,1,1,synthetic
ELV-8d7470d8c8,2026-02-23,Terminale C,Physique-Chimie,course,visuel,moyenne,21,1,2,0.7563,0.6854,0.7507,3,1,0,synthetic
ELV-e98f1c1d1a,2026-01-06,Terminale D,Physique-Chimie,laboratory,auditif,moyenne,26,1,2,0.5089,0.3173,0.4042,5,1,1,synthetic
ELV-e98f1c1d1a,2026-01-11,Terminale D,SVT,course,auditif,moyenne,44,5,2,0.5781,0.459,0.4865,4,1,1,synthetic
ELV-e98f1c1d1a,2026-01-19,Terminale D,Mathématiques,laboratory,auditif,moyenne,29,3,2,0.3269,0.2013,0.2786,4,1,1,synthetic
ELV-e98f1c1d1a,2026-01-22,Terminale D,Physique-Chimie,exercise,auditif,moyenne,32,3,3,0.1702,0.1884,0.2441,3,1,1,synthetic
ELV-e98f1c1d1a,2026-02-06,Terminale D,SVT,exam,auditif,moyenne,28,3,3,0.2927,0.2129,0.2992,1,0,1,synthetic
ELV-e98f1c1d1a,2026-01-27,Terminale D,Mathématiques,course,auditif,moyenne,31,3,3,0.2212,0.1563,0.1647,2,0,1,synthetic
ELV-e98f1c1d1a,2026-02-20,Terminale D,Physique-Chimie,laboratory,auditif,moyenne,26,4,2,0.5181,0.3367,0.4466,11,1,1,synthetic
ELV-e98f1c1d1a,2026-03-04,Terminale D,SVT,exercise,auditif,moyenne,26,5,2,0.3386,0.3203,0.358,3,1,1,synthetic
ELV-67f7a3c4b2,2026-01-06,3e,SVT,exercise,auditif,bonne,25,2,0,0.9886,0.6862,0.7814,6,1,0,synthetic
ELV-67f7a3c4b2,2026-01-12,3e,Mathématiques,exercise,auditif,bonne,32,3,2,0.5457,0.402,0.4481,3,0,1,synthetic
ELV-67f7a3c4b2,2026-01-15,3e,Physique-Chimie,exam,auditif,bonne,13,1,1,0.8961,0.7362,0.8132,4,1,0,synthetic
ELV-67f7a3c4b2,2026-01-24,3e,SVT,exam,auditif,bonne,32,2,1,0.8647,0.7382,0.8194,3,1,0,synthetic
ELV-67f7a3c4b2,2026-01-30,3e,Mathématiques,course,auditif,bonne,19,2,2,0.558,0.5379,0.6292,1,1,0,synthetic
ELV-67f7a3c4b2,2026-01-20,3e,Physique-Chimie,laboratory,auditif,bonne,42,3,0,0.781,0.6054,0.7416,4,1,0,synthetic
ELV-67f7a3c4b2,2026-02-04,3e,SVT,exam,auditif,bonne,26,2,1,0.7313,0.5846,0.6446,28,1,1,synthetic
ELV-67f7a3c4b2,2026-02-09,3e,Mathématiques,course,auditif,bonne,29,2,2,0.4445,0.4482,0.4829,0,1,1,synthetic
ELV-b2826378c6,2026-01-07,3e,Mathématiques,exam,pratique,bonne,25,4,2,0.4047,0.3424,0.3419,4,1,1,synthetic
ELV-b2826378c6,2026-01-15,3e,Physique-Chimie,course,pratique,bonne,23,2,2,0.4492,0.3775,0.4161,18,1,1,synthetic
ELV-b2826378c6,2026-01-16,3e,SVT,course,pratique,bonne,27,1,3,0.545,0.4437,0.522,3,1,1,synthetic
ELV-b2826378c6,2026-01-17,3e,Mathématiques,exercise,pratique,bonne,31,3,2,0.5174,0.4103,0.4763,6,1,1,synthetic
ELV-b2826378c6,2026-01-29,3e,Physique-Chimie,course,pratique,bonne,44,2,2,0.5032,0.3994,0.4613,3,0,1,synthetic
ELV-b2826378c6,2026-01-24,3e,SVT,exam,pratique,bonne,25,2,3,0.4224,0.3603,0.4172,3,1,1,synthetic
ELV-b2826378c6,2026-02-17,3e,Mathématiques,exercise,pratique,bonne,39,2,2,0.323,0.2945,0.3322,18,0,1,synthetic
ELV-b2826378c6,2026-02-16,3e,Physique-Chimie,course,pratique,bonne,18,2,2,0.3966,0.4343,0.4833,4,1,1,synthetic
ELV-d926627cb8,2026-01-09,3e,Physique-Chimie,exam,pratique,moyenne,31,3,2,0.5848,0.4616,0.5606,4,1,1,synthetic
ELV-d926627cb8,2026-01-11,3e,SVT,course,pratique,moyenne,24,2,1,0.7529,0.7027,0.8268,6,0,0,synthetic
ELV-d926627cb8,2026-01-20,3e,Mathématiques,exercise,pratique,moyenne,35,4,2,0.6989,0.6085,0.6878,1,1,0,synthetic
ELV-d926627cb8,2026-01-22,3e,Physique-Chimie,laboratory,pratique,moyenne,27,3,2,0.6565,0.5002,0.6189,5,1,0,synthetic
ELV-d926627cb8,2026-01-29,3e,SVT,laboratory,pratique,moyenne,47,2,1,0.7703,0.5993,0.7668,4,1,0,synthetic
ELV-d926627cb8,2026-01-29,3e,Mathématiques,course,pratique,moyenne,27,2,2,0.4354,0.4509,0.4742,8,1,1,synthetic
ELV-d926627cb8,2026-02-26,3e,Physique-Chimie,course,pratique,moyenne,21,1,2,0.4864,0.5019,0.5795,3,1,1,synthetic
ELV-d926627cb8,2026-02-09,3e,SVT,course,pratique,moyenne,16,2,0,0.688,0.5187,0.5911,2,1,1,synthetic
ELV-200644a6bc,2026-01-05,Terminale D,SVT,laboratory,visuel,moyenne,32,3,0,0.9946,0.6785,0.853,2,1,0,synthetic
ELV-200644a6bc,2026-01-14,Terminale D,Mathématiques,exercise,visuel,moyenne,32,3,2,0.7702,0.6643,0.7441,3,1,0,synthetic
ELV-200644a6bc,2026-01-16,Terminale D,Physique-Chimie,exercise,visuel,moyenne,31,2,0,0.7974,0.6878,0.8065,4,0,0,synthetic
ELV-200644a6bc,2026-01-17,Terminale D,SVT,exam,visuel,moyenne,31,1,0,0.8104,0.7129,0.8223,28,1,1,synthetic
ELV-200644a6bc,2026-02-03,Terminale D,Mathématiques,exercise,visuel,moyenne,34,2,2,0.7246,0.6027,0.7363,46,1,1,synthetic
ELV-200644a6bc,2026-01-25,Terminale D,Physique-Chimie,exercise,visuel,moyenne,27,1,1,0.9057,0.7396,0.869,4,1,0,synthetic
ELV-200644a6bc,2026-01-29,Terminale D,SVT,exercise,visuel,moyenne,36,1,0,0.7601,0.6903,0.8231,35,1,1,synthetic
ELV-200644a6bc,2026-02-25,Terminale D,Mathématiques,exercise,visuel,moyenne,28,2,1,0.7333,0.6425,0.7312,5,1,0,synthetic
ELV-5c1fb6b976,2026-01-08,Terminale D,Mathématiques,course,auditif,moyenne,16,1,1,0.7281,0.6957,0.7832,15,1,1,synthetic
ELV-5c1fb6b976,2026-01-14,Terminale D,Physique-Chimie,exercise,auditif,moyenne,25,2,1,0.7992,0.7742,0.9,0,1,0,synthetic
ELV-5c1fb6b976,2026-01-21,Terminale D,SVT,exam,auditif,moyenne,35,2,2,0.8449,0.7175,0.8039,0,0,0,synthetic
ELV-5c1fb6b976,2026-01-29,Terminale D,Mathématiques,exercise,auditif,moyenne,30,2,1,0.9409,0.7802,0.8873,9,1,0,synthetic
ELV-5c1fb6b976,2026-02-06,Terminale D,Physique-Chimie,course,auditif,moyenne,31,1,0,0.888,0.8151,0.9316,1,1,0,synthetic
ELV-5c1fb6b976,2026-02-12,Terminale D,SVT,exercise,auditif,moyenne,35,2,1,0.8198,0.7318,0.8523,6,1,0,synthetic
ELV-5c1fb6b976,2026-02-08,Terminale D,Mathématiques,course,auditif,moyenne,29,2,0,0.8406,0.7814,0.8957,7,1,0,synthetic
ELV-5c1fb6b976,2026-02-23,Terminale D,Physique-Chimie,exercise,auditif,moyenne,23,2,2,0.6715,0.6499,0.7618,34,1,1,synthetic
ELV-229f111dd5,2026-01-07,3e,Physique-Chimie,exam,pratique,bonne,33,3,2,0.5866,0.487,0.5438,15,1,1,synthetic
ELV-229f111dd5,2026-01-09,3e,SVT,exercise,pratique,bonne,25,2,2,0.7023,0.6279,0.6835,10,1,0,synthetic
ELV-229f111dd5,2026-01-25,3e,Mathématiques,course,pratique,bonne,34,2,2,0.6801,0.508,0.5973,3,1,1,synthetic
ELV-229f111dd5,2026-01-14,3e,Physique-Chimie,exam,pratique,bonne,38,3,1,0.7493,0.6119,0.7106,3,1,0,synthetic
ELV-229f111dd5,2026-01-23,3e,SVT,exercise,pratique,bonne,22,2,1,0.7751,0.6173,0.7436,2,1,0,synthetic
ELV-229f111dd5,2026-02-04,3e,Mathématiques,exam,pratique,bonne,25,1,1,0.8093,0.6067,0.7163,0,1,0,synthetic
ELV-229f111dd5,2026-02-23,3e,Physique-Chimie,course,pratique,bonne,30,1,1,0.6846,0.5417,0.645,1,1,0,synthetic
ELV-229f111dd5,2026-01-26,3e,SVT,course,pratique,bonne,41,2,3,0.2719,0.3233,0.3294,6,0,1,synthetic
ELV-b763277158,2026-01-08,Terminale C,SVT,laboratory,visuel,bonne,30,3,0,0.6713,0.4416,0.5853,7,1,1,synthetic
ELV-b763277158,2026-01-11,Terminale C,Mathématiques,exam,visuel,bonne,18,1,2,0.5048,0.4435,0.518,7,1,1,synthetic
ELV-b763277158,2026-01-19,Terminale C,Physique-Chimie,exam,visuel,bonne,34,3,1,0.5249,0.478,0.5254,14,1,1,synthetic
ELV-b763277158,2026-01-30,Terminale C,SVT,course,visuel,bonne,40,4,3,0.3434,0.2181,0.2271,2,0,1,synthetic
ELV-b763277158,2026-02-05,Terminale C,Mathématiques,course,visuel,bonne,30,3,2,0.4613,0.4649,0.5265,20,1,1,synthetic
ELV-b763277158,2026-02-15,Terminale C,Physique-Chimie,exercise,visuel,bonne,32,4,1,0.6244,0.4456,0.5272,8,0,1,synthetic
ELV-b763277158,2026-02-08,Terminale C,SVT,course,visuel,bonne,31,3,2,0.4674,0.3744,0.4778,10,1,1,synthetic
ELV-b763277158,2026-02-24,Terminale C,Mathématiques,exercise,visuel,bonne,27,3,1,0.5094,0.3932,0.5013,12,0,1,synthetic
ELV-157e4a2de7,2026-01-09,Terminale D,Mathématiques,course,auditif,bonne,20,2,2,0.6526,0.5636,0.6524,12,1,0,synthetic
ELV-157e4a2de7,2026-01-09,Terminale D,Physique-Chimie,exam,auditif,bonne,22,1,3,0.6534,0.6092,0.6768,6,1,0,synthetic
ELV-157e4a2de7,2026-01-16,Terminale D,SVT,course,auditif,bonne,24,1,0,0.6462,0.5738,0.669,3,1,0,synthetic
ELV-157e4a2de7,2026-01-15,Terminale D,Mathématiques,exercise,auditif,bonne,18,1,2,0.592,0.5553,0.6381,15,1,1,synthetic
ELV-157e4a2de7,2026-01-25,Terminale D,Physique-Chimie,exercise,auditif,bonne,22,2,2,0.5479,0.4059,0.4654,6,1,1,synthetic
ELV-157e4a2de7,2026-02-06,Terminale D,SVT,exercise,auditif,bonne,23,2,1,0.7362,0.7201,0.8544,0,1,0,synthetic
ELV-157e4a2de7,2026-02-19,Terminale D,Mathématiques,exam,auditif,bonne,32,2,3,0.5953,0.6188,0.6698,0,1,0,synthetic
ELV-157e4a2de7,2026-01-29,Terminale D,Physique-Chimie,exercise,auditif,bonne,25,1,1,0.8025,0.5857,0.6578,1,1,0,synthetic
ELV-56ceb7a061,2026-01-07,3e,Physique-Chimie,exam,auditif,moyenne,30,3,1,0.5585,0.423,0.4929,6,1,1,synthetic
ELV-56ceb7a061,2026-01-11,3e,SVT,exercise,auditif,moyenne,43,3,1,0.5923,0.4044,0.4554,3,1,1,synthetic
ELV-56ceb7a061,2026-01-17,3e,Mathématiques,course,auditif,moyenne,50,4,3,0.2977,0.1442,0.1294,2,0,1,synthetic
ELV-56ceb7a061,2026-01-25,3e,Physique-Chimie,exercise,auditif,moyenne,39,2,2,0.4341,0.3405,0.4007,5,1,1,synthetic
ELV-56ceb7a061,2026-02-08,3e,SVT,exercise,auditif,moyenne,35,3,2,0.5674,0.4129,0.4922,0,0,1,synthetic
ELV-56ceb7a061,2026-02-17,3e,Mathématiques,exam,auditif,moyenne,30,2,1,0.7104,0.4965,0.6186,0,1,0,synthetic
ELV-56ceb7a061,2026-02-01,3e,Physique-Chimie,exercise,auditif,moyenne,42,3,3,0.56,0.4103,0.4469,4,1,1,synthetic
ELV-56ceb7a061,2026-02-11,3e,SVT,exercise,auditif,moyenne,24,1,2,0.6112,0.5865,0.6587,3,1,0,synthetic
ELV-68cebb235b,2026-01-06,3e,SVT,exercise,visuel,moyenne,23,3,2,0.7365,0.6263,0.6765,11,1,0,synthetic
ELV-68cebb235b,2026-01-10,3e,Mathématiques,exam,visuel,moyenne,26,3,3,0.4203,0.446,0.4982,2,1,1,synthetic
ELV-68cebb235b,2026-01-15,3e,Physique-Chimie,course,visuel,moyenne,27,1,3,0.5246,0.4672,0.5122,0,1,1,synthetic
ELV-68cebb235b,2026-01-26,3e,SVT,exercise,visuel,moyenne,35,2,1,0.7275,0.6072,0.7435,1,1,0,synthetic
ELV-68cebb235b,2026-01-31,3e,Mathématiques,course,visuel,moyenne,32,4,2,0.489,0.4596,0.5261,1,1,1,synthetic
ELV-68cebb235b,2026-02-04,3e,Physique-Chimie,exercise,visuel,moyenne,34,3,1,0.6226,0.5658,0.6563,10,0,0,synthetic
ELV-68cebb235b,2026-02-01,3e,SVT,exercise,visuel,moyenne,19,1,2,0.7827,0.6262,0.7838,8,1,0,synthetic
ELV-68cebb235b,2026-03-04,3e,Mathématiques,exercise,visuel,moyenne,23,2,1,0.5679,0.4821,0.543,5,1,1,synthetic
ELV-755c8d0241,2026-01-07,Terminale C,Mathématiques,exercise,visuel,faible,31,3,1,0.6325,0.6735,0.7747,20,0,1,synthetic
ELV-755c8d0241,2026-01-12,Terminale C,Physique-Chimie,exam,visuel,faible,34,1,1,0.5677,0.6851,0.7265,1,0,0,synthetic
ELV-755c8d0241,2026-01-20,Terminale C,SVT,laboratory,visuel,faible,25,1,0,0.7117,0.7761,0.9256,4,1,0,synthetic
ELV-755c8d0241,2026-01-21,Terminale C,Mathématiques,exercise,visuel,faible,30,3,1,0.5852,0.6273,0.6903,9,0,0,synthetic
ELV-755c8d0241,2026-01-25,Terminale C,Physique-Chimie,course,visuel,faible,14,2,2,0.5208,0.5472,0.6114,9,1,1,synthetic
ELV-755c8d0241,2026-01-21,Terminale C,SVT,exercise,visuel,faible,43,2,1,0.6224,0.6564,0.7657,1,0,0,synthetic
ELV-755c8d0241,2026-02-25,Terminale C,Mathématiques,exercise,visuel,faible,26,2,2,0.483,0.6647,0.7737,8,1,1,synthetic
ELV-755c8d0241,2026-02-02,Terminale C,Physique-Chimie,exam,visuel,faible,30,1,0,0.9316,0.7276,0.8455,0,1,0,synthetic
ELV-b951b876ff,2026-01-06,Terminale C,Physique-Chimie,exercise,pratique,faible,34,1,0,0.846,0.7758,0.94,33,1,1,synthetic
ELV-b951b876ff,2026-01-11,Terminale C,SVT,exercise,pratique,faible,24,1,0,0.986,0.864,1.0,8,1,0,synthetic
ELV-b951b876ff,2026-01-15,Terminale C,Mathématiques,laboratory,pratique,faible,25,2,0,0.8798,0.8485,0.9951,5,1,0,synthetic
ELV-b951b876ff,2026-01-17,Terminale C,Physique-Chimie,exam,pratique,faible,20,1,1,0.8367,0.8352,0.9572,1,1,0,synthetic
ELV-b951b876ff,2026-02-07,Terminale C,SVT,course,pratique,faible,35,2,1,0.9417,0.8932,1.0,16,1,1,synthetic
ELV-b951b876ff,2026-02-13,Terminale C,Mathématiques,exam,pratique,faible,26,2,1,0.7032,0.6907,0.7853,16,0,1,synthetic
ELV-b951b876ff,2026-02-01,Terminale C,Physique-Chimie,exercise,pratique,faible,34,2,2,0.836,0.7651,0.8756,4,1,0,synthetic
ELV-b951b876ff,2026-02-24,Terminale C,SVT,exercise,pratique,faible,32,2,0,0.9362,0.934,1.0,0,1,0,synthetic
ELV-8b0a87d60d,2026-01-08,Terminale C,SVT,exercise,pratique,moyenne,26,2,2,0.5625,0.5965,0.6466,4,0,0,synthetic
ELV-8b0a87d60d,2026-01-13,Terminale C,Mathématiques,course,pratique,moyenne,22,1,2,0.6613,0.6197,0.7063,27,1,1,synthetic
ELV-8b0a87d60d,2026-01-13,Terminale C,Physique-Chimie,exam,pratique,moyenne,30,2,2,0.5852,0.6146,0.6991,3,1,0,synthetic
ELV-8b0a87d60d,2026-01-28,Terminale C,SVT,exam,pratique,moyenne,40,2,1,0.9197,0.8172,0.9139,9,1,0,synthetic
ELV-8b0a87d60d,2026-01-25,Terminale C,Mathématiques,exercise,pratique,moyenne,27,2,1,0.7411,0.6698,0.75,3,1,0,synthetic
ELV-8b0a87d60d,2026-02-06,Terminale C,Physique-Chimie,course,pratique,moyenne,37,1,1,0.7914,0.7235,0.8319,0,1,0,synthetic
ELV-8b0a87d60d,2026-01-27,Terminale C,SVT,course,pratique,moyenne,17,1,0,0.886,0.7598,0.9066,4,1,0,synthetic
ELV-8b0a87d60d,2026-02-17,Terminale C,Mathématiques,exercise,pratique,moyenne,38,2,0,0.7907,0.7261,0.8597,1,1,0,synthetic
ELV-822b1f71fa,2026-01-07,Terminale D,Mathématiques,laboratory,pratique,moyenne,37,1,0,1.0,1.0,1.0,18,1,1,synthetic
ELV-822b1f71fa,2026-01-12,Terminale D,Physique-Chimie,exercise,pratique,moyenne,40,2,0,1.0,0.922,1.0,9,1,0,synthetic
ELV-822b1f71fa,2026-01-13,Terminale D,SVT,course,pratique,moyenne,20,1,1,1.0,0.9526,1.0,3,1,0,synthetic
ELV-822b1f71fa,2026-01-15,Terminale D,Mathématiques,exam,pratique,moyenne,32,1,3,0.9666,0.8557,0.9632,9,1,0,synthetic
ELV-822b1f71fa,2026-02-03,Terminale D,Physique-Chimie,exercise,pratique,moyenne,32,2,1,1.0,1.0,1.0,18,1,1,synthetic
ELV-822b1f71fa,2026-01-22,Terminale D,SVT,exam,pratique,moyenne,32,2,0,1.0,0.9266,1.0,8,1,0,synthetic
ELV-822b1f71fa,2026-02-05,Terminale D,Mathématiques,exercise,pratique,moyenne,8,1,0,0.9864,0.975,1.0,4,1,0,synthetic
ELV-822b1f71fa,2026-03-02,Terminale D,Physique-Chimie,exercise,pratique,moyenne,33,1,1,1.0,0.9112,1.0,1,1,0,synthetic
ELV-61ea02e250,2026-01-09,Terminale C,Physique-Chimie,course,pratique,faible,37,2,2,0.2125,0.3131,0.3291,3,1,1,synthetic
ELV-61ea02e250,2026-01-12,Terminale C,SVT,course,pratique,faible,24,2,2,0.4907,0.5097,0.5932,0,1,1,synthetic
ELV-61ea02e250,2026-01-17,Terminale C,Mathématiques,laboratory,pratique,faible,31,2,2,0.3937,0.3231,0.4085,9,0,1,synthetic
ELV-61ea02e250,2026-01-17,Terminale C,Physique-Chimie,exam,pratique,faible,31,5,2,0.0971,0.1667,0.1846,8,0,1,synthetic
ELV-61ea02e250,2026-01-24,Terminale C,SVT,course,pratique,faible,39,2,3,0.4323,0.3107,0.3643,3,0,1,synthetic
ELV-61ea02e250,2026-02-17,Terminale C,Mathématiques,exercise,pratique,faible,37,2,2,0.4569,0.4265,0.4925,0,1,1,synthetic
ELV-61ea02e250,2026-02-24,Terminale C,Physique-Chimie,exercise,pratique,faible,33,2,3,0.352,0.4031,0.4433,15,1,1,synthetic
ELV-61ea02e250,2026-02-16,Terminale C,SVT,course,pratique,faible,42,2,3,0.4248,0.3871,0.4461,5,0,1,synthetic
ELV-2f0dbf156e,2026-01-07,Terminale D,SVT,exercise,pratique,faible,31,3,2,0.5633,0.4125,0.5087,2,0,1,synthetic
ELV-2f0dbf156e,2026-01-13,Terminale D,Mathématiques,exam,pratique,faible,38,3,3,0.2994,0.3832,0.4218,4,1,1,synthetic
ELV-2f0dbf156e,2026-01-19,Terminale D,Physique-Chimie,exercise,pratique,faible,36,3,1,0.6737,0.5819,0.7033,0,1,0,synthetic
ELV-2f0dbf156e,2026-01-14,Terminale D,SVT,exercise,pratique,faible,30,2,1,0.6901,0.6446,0.7206,3,0,0,synthetic
ELV-2f0dbf156e,2026-01-21,Terminale D,Mathématiques,course,pratique,faible,33,3,1,0.5384,0.4628,0.5757,1,0,1,synthetic
ELV-2f0dbf156e,2026-01-28,Terminale D,Physique-Chimie,exercise,pratique,faible,41,2,1,0.5933,0.5622,0.6756,21,0,1,synthetic
ELV-2f0dbf156e,2026-02-06,Terminale D,SVT,exam,pratique,faible,30,2,2,0.6137,0.578,0.6686,8,1,0,synthetic
ELV-2f0dbf156e,2026-02-19,Terminale D,Mathématiques,course,pratique,faible,17,2,3,0.4544,0.415,0.5128,12,1,1,synthetic
ELV-1562efa5e0,2026-01-07,3e,Mathématiques,exercise,auditif,moyenne,23,4,2,0.511,0.3871,0.4661,17,1,1,synthetic
ELV-1562efa5e0,2026-01-13,3e,Physique-Chimie,exam,auditif,moyenne,33,3,3,0.243,0.164,0.2368,1,1,1,synthetic
ELV-1562efa5e0,2026-01-16,3e,SVT,course,auditif,moyenne,26,3,1,0.5054,0.4035,0.5018,5,1,1,synthetic
ELV-1562efa5e0,2026-01-18,3e,Mathématiques,course,auditif,moyenne,23,3,3,0.3379,0.3446,0.352,9,0,1,synthetic
ELV-1562efa5e0,2026-01-21,3e,Physique-Chimie,exercise,auditif,moyenne,38,3,2,0.4959,0.3674,0.3957,2,1,1,synthetic
ELV-1562efa5e0,2026-02-18,3e,SVT,exercise,auditif,moyenne,35,3,1,0.6397,0.4727,0.5698,0,0,1,synthetic
ELV-1562efa5e0,2026-01-30,3e,Mathématiques,exercise,auditif,moyenne,26,3,2,0.4832,0.5218,0.5999,15,1,1,synthetic
ELV-1562efa5e0,2026-02-25,3e,Physique-Chimie,laboratory,auditif,moyenne,34,3,2,0.3873,0.2794,0.3702,0,0,1,synthetic
ELV-c0d567a1ff,2026-01-09,3e,Physique-Chimie,exam,pratique,moyenne,12,2,1,0.5168,0.4217,0.4969,6,0,1,synthetic
ELV-c0d567a1ff,2026-01-12,3e,SVT,course,pratique,moyenne,39,2,0,0.6036,0.4715,0.549,23,0,1,synthetic
ELV-c0d567a1ff,2026-01-21,3e,Mathématiques,course,pratique,moyenne,39,4,1,0.5946,0.3541,0.4714,17,1,1,synthetic
ELV-c0d567a1ff,2026-01-28,3e,Physique-Chimie,course,pratique,moyenne,26,2,1,0.5373,0.4329,0.5511,0,1,1,synthetic
ELV-c0d567a1ff,2026-01-29,3e,SVT,exercise,pratique,moyenne,36,2,2,0.6105,0.4688,0.5476,1,1,1,synthetic
ELV-c0d567a1ff,2026-01-30,3e,Mathématiques,exercise,pratique,moyenne,30,3,1,0.3907,0.3893,0.5021,0,1,1,synthetic
ELV-c0d567a1ff,2026-02-14,3e,Physique-Chimie,exercise,pratique,moyenne,26,1,1,0.6197,0.5149,0.5782,8,0,1,synthetic
ELV-c0d567a1ff,2026-03-03,3e,SVT,exercise,pratique,moyenne,39,2,1,0.6726,0.3945,0.5004,2,1,1,synthetic
ELV-0dc447258f,2026-01-08,3e,SVT,course,pratique,bonne,37,4,3,0.5996,0.3089,0.3436,4,1,1,synthetic
ELV-0dc447258f,2026-01-14,3e,Mathématiques,exercise,pratique,bonne,22,2,3,0.2556,0.2523,0.2396,0,0,1,synthetic
ELV-0dc447258f,2026-01-13,3e,Physique-Chimie,course,pratique,bonne,39,2,2,0.4158,0.3408,0.4251,2,1,1,synthetic
ELV-0dc447258f,2026-01-21,3e,SVT,course,pratique,bonne,39,4,3,0.2808,0.14,0.1398,2,1,1,synthetic
ELV-0dc447258f,2026-01-25,3e,Mathématiques,exam,pratique,bonne,30,2,2,0.4543,0.4389,0.4794,15,0,1,synthetic
ELV-0dc447258f,2026-01-28,3e,Physique-Chimie,course,pratique,bonne,40,4,2,0.435,0.2619,0.3648,1,0,1,synthetic
ELV-0dc447258f,2026-02-17,3e,SVT,exam,pratique,bonne,17,2,2,0.418,0.2709,0.281,0,1,1,synthetic
ELV-0dc447258f,2026-03-02,3e,Mathématiques,laboratory,pratique,bonne,39,2,2,0.1823,0.1158,0.1758,6,1,1,synthetic
ELV-54dcc8f87e,2026-01-06,3e,Mathématiques,course,visuel,moyenne,42,4,3,0.2594,0.1229,0.187,6,1,1,synthetic
ELV-54dcc8f87e,2026-01-08,3e,Physique-Chimie,course,visuel,moyenne,31,2,2,0.3377,0.1767,0.2294,9,1,1,synthetic
ELV-54dcc8f87e,2026-01-15,3e,SVT,exercise,visuel,moyenne,27,2,2,0.3552,0.3253,0.3717,6,1,1,synthetic
ELV-54dcc8f87e,2026-01-22,3e,Mathématiques,exercise,visuel,moyenne,33,3,4,0.2541,0.2203,0.2382,4,0,1,synthetic
ELV-54dcc8f87e,2026-01-25,3e,Physique-Chimie,exercise,visuel,moyenne,41,4,2,0.3736,0.2459,0.3198,24,0,1,synthetic
ELV-54dcc8f87e,2026-02-17,3e,SVT,exercise,visuel,moyenne,34,3,3,0.4137,0.272,0.297,15,1,1,synthetic
ELV-54dcc8f87e,2026-01-23,3e,Mathématiques,course,visuel,moyenne,33,3,2,0.227,0.0774,0.1426,1,0,1,synthetic
ELV-54dcc8f87e,2026-02-02,3e,Physique-Chimie,course,visuel,moyenne,40,3,4,0.2378,0.2961,0.3125,1,0,1,synthetic
ELV-028640f953,2026-01-09,Terminale C,Physique-Chimie,exercise,pratique,moyenne,36,4,3,0.4589,0.3949,0.4081,19,0,1,synthetic
ELV-028640f953,2026-01-12,Terminale C,SVT,course,pratique,moyenne,39,3,2,0.6783,0.5758,0.6442,1,1,0,synthetic
ELV-028640f953,2026-01-19,Terminale C,Mathématiques,course,pratique,moyenne,24,1,2,0.507,0.5149,0.5812,2,1,1,synthetic
ELV-028640f953,2026-01-30,Terminale C,Physique-Chimie,laboratory,pratique,moyenne,25,3,1,0.6076,0.476,0.5358,3,1,1,synthetic
ELV-028640f953,2026-01-25,Terminale C,SVT,course,pratique,moyenne,47,4,3,0.4296,0.4338,0.476,30,1,1,synthetic
ELV-028640f953,2026-01-24,Terminale C,Mathématiques,course,pratique,moyenne,27,1,1,0.6376,0.5486,0.6239,1,1,0,synthetic
ELV-028640f953,2026-02-07,Terminale C,Physique-Chimie,laboratory,pratique,moyenne,39,3,2,0.5048,0.4416,0.5605,3,1,1,synthetic
ELV-028640f953,2026-02-13,Terminale C,SVT,course,pratique,moyenne,29,2,2,0.6371,0.5418,0.6145,11,1,0,synthetic
ELV-202de6d1a5,2026-01-09,3e,SVT,exercise,pratique,bonne,27,3,3,0.6627,0.6034,0.638,2,0,0,synthetic
ELV-202de6d1a5,2026-01-15,3e,Mathématiques,exercise,pratique,bonne,37,2,1,0.8008,0.6564,0.7685,3,1,0,synthetic
ELV-202de6d1a5,2026-01-18,3e,Physique-Chimie,course,pratique,bonne,51,4,2,0.6807,0.5721,0.6912,1,0,0,synthetic
ELV-202de6d1a5,2026-01-26,3e,SVT,exam,pratique,bonne,33,2,1,0.6638,0.5874,0.6887,3,0,0,synthetic
ELV-202de6d1a5,2026-01-23,3e,Mathématiques,exam,pratique,bonne,31,1,1,0.9304,0.6068,0.7627,0,1,0,synthetic
ELV-202de6d1a5,2026-02-05,3e,Physique-Chimie,course,pratique,bonne,28,1,1,0.6692,0.656,0.7267,0,0,0,synthetic
ELV-202de6d1a5,2026-02-17,3e,SVT,course,pratique,bonne,32,1,2,0.4953,0.5048,0.5954,0,0,1,synthetic
ELV-202de6d1a5,2026-01-29,3e,Mathématiques,exam,pratique,bonne,31,1,2,0.5139,0.5157,0.5768,3,1,1,synthetic
ELV-1e69cc31d5,2026-01-09,Terminale D,Mathématiques,exercise,pratique,bonne,35,2,2,0.7634,0.6839,0.7452,2,1,0,synthetic
ELV-1e69cc31d5,2026-01-12,Terminale D,Physique-Chimie,laboratory,pratique,bonne,38,2,0,0.8409,0.7227,0.8814,23,0,1,synthetic
ELV-1e69cc31d5,2026-01-17,Terminale D,SVT,exercise,pratique,bonne,32,2,1,1.0,0.8793,0.9846,3,1,0,synthetic
ELV-1e69cc31d5,2026-01-16,Terminale D,Mathématiques,laboratory,pratique,bonne,25,3,2,0.8828,0.6492,0.7484,2,1,0,synthetic
ELV-1e69cc31d5,2026-01-21,Terminale D,Physique-Chimie,course,pratique,bonne,17,1,1,0.8212,0.7011,0.8119,4,1,0,synthetic
ELV-1e69cc31d5,2026-02-06,Terminale D,SVT,exercise,pratique,bonne,30,2,1,0.8481,0.6651,0.7674,5,1,0,synthetic
ELV-1e69cc31d5,2026-01-25,Terminale D,Mathématiques,exercise,pratique,bonne,23,1,3,0.7305,0.6266,0.7108,3,1,0,synthetic
ELV-1e69cc31d5,2026-03-03,Terminale D,Physique-Chimie,exercise,pratique,bonne,29,2,0,0.8662,0.6886,0.8253,27,1,1,synthetic
ELV-b640929c68,2026-01-09,3e,Physique-Chimie,exercise,pratique,faible,13,2,2,0.3673,0.4565,0.5104,7,0,1,synthetic
ELV-b640929c68,2026-01-16,3e,SVT,laboratory,pratique,faible,32,2,1,0.85,0.7,0.8353,2,1,0,synthetic
ELV-b640929c68,2026-01-14,3e,Mathématiques,laboratory,pratique,faible,27,2,1,0.8093,0.7233,0.772,19,1,1,synthetic
ELV-b640929c68,2026-01-26,3e,Physique-Chimie,exercise,pratique,faible,41,2,1,0.7977,0.7368,0.8444,17,0,1,synthetic
ELV-b640929c68,2026-01-25,3e,SVT,course,pratique,faible,42,1,1,0.8576,0.8177,0.9216,5,1,0,synthetic
ELV-b640929c68,2026-02-11,3e,Mathématiques,laboratory,pratique,faible,30,3,1,0.5093,0.5058,0.5745,0,1,1,synthetic
ELV-b640929c68,2026-02-14,3e,Physique-Chimie,exercise,pratique,faible,33,2,1,0.7944,0.6497,0.7438,1,0,0,synthetic
ELV-b640929c68,2026-02-25,3e,SVT,exercise,pratique,faible,30,1,1,0.6408,0.6018,0.6941,4,0,0,synthetic
ELV-4b7ba4800c,2026-01-05,Terminale C,SVT,exercise,auditif,moyenne,27,1,1,1.0,0.8751,0.9853,11,1,0,synthetic
ELV-4b7ba4800c,2026-01-17,Terminale C,Mathématiques,laboratory,auditif,moyenne,29,2,1,0.9077,0.7439,0.8893,44,1,1,synthetic
ELV-4b7ba4800c,2026-01-19,Terminale C,Physique-Chimie,laboratory,auditif,moyenne,27,1,1,1.0,0.9258,1.0,1,1,0,synthetic
ELV-4b7ba4800c,2026-01-17,Terminale C,SVT,exercise,auditif,moyenne,22,1,0,0.963,0.7813,0.8988,22,1,1,synthetic
ELV-4b7ba4800c,2026-01-21,Terminale C,Mathématiques,course,auditif,moyenne,31,1,0,0.9567,0.8862,1.0,1,0,0,synthetic
ELV-4b7ba4800c,2026-01-30,Terminale C,Physique-Chimie,course,auditif,moyenne,26,2,1,0.733,0.7207,0.7625,16,1,1,synthetic
ELV-4b7ba4800c,2026-02-12,Terminale C,SVT,exam,auditif,moyenne,34,1,1,0.813,0.7199,0.8421,1,0,0,synthetic
ELV-4b7ba4800c,2026-02-02,Terminale C,Mathématiques,exam,auditif,moyenne,15,1,1,0.8316,0.7014,0.8119,1,1,0,synthetic
ELV-f393cfd4e5,2026-01-08,Terminale C,Mathématiques,course,auditif,moyenne,26,2,2,0.3168,0.4195,0.4338,6,1,1,synthetic
ELV-f393cfd4e5,2026-01-15,Terminale C,Physique-Chimie,course,auditif,moyenne,18,2,3,0.4521,0.4401,0.5067,4,1,1,synthetic
ELV-f393cfd4e5,2026-01-13,Terminale C,SVT,course,auditif,moyenne,41,2,3,0.3223,0.2843,0.3071,5,1,1,synthetic
ELV-f393cfd4e5,2026-01-22,Terminale C,Mathématiques,laboratory,auditif,moyenne,34,3,2,0.3243,0.3793,0.4458,0,0,1,synthetic
ELV-f393cfd4e5,2026-01-29,Terminale C,Physique-Chimie,exercise,auditif,moyenne,24,3,1,0.5189,0.403,0.4529,2,1,1,synthetic
ELV-f393cfd4e5,2026-02-01,Terminale C,SVT,course,auditif,moyenne,31,2,2,0.5441,0.4387,0.5077,7,1,1,synthetic
ELV-f393cfd4e5,2026-02-10,Terminale C,Mathématiques,exercise,auditif,moyenne,24,3,2,0.3886,0.3583,0.3841,1,1,1,synthetic
ELV-f393cfd4e5,2026-02-18,Terminale C,Physique-Chimie,laboratory,auditif,moyenne,40,4,1,0.4651,0.3236,0.4314,0,1,1,synthetic
ELV-9d81a18125,2026-01-05,Terminale D,Physique-Chimie,exam,auditif,bonne,27,3,3,0.4471,0.3123,0.3655,8,0,1,synthetic
ELV-9d81a18125,2026-01-13,Terminale D,SVT,laboratory,auditif,bonne,21,3,3,0.3366,0.2019,0.3034,18,0,1,synthetic
ELV-9d81a18125,2026-01-20,Terminale D,Mathématiques,exercise,auditif,bonne,25,3,1,0.3919,0.2336,0.2555,21,1,1,synthetic
ELV-9d81a18125,2026-01-15,Terminale D,Physique-Chimie,exercise,auditif,bonne,44,4,2,0.3901,0.2217,0.3158,1,0,1,synthetic
ELV-9d81a18125,2026-01-27,Terminale D,SVT,course,auditif,bonne,37,3,3,0.3404,0.3124,0.363,10,1,1,synthetic
ELV-9d81a18125,2026-02-11,Terminale D,Mathématiques,course,auditif,bonne,29,3,3,0.3349,0.2103,0.2226,12,1,1,synthetic
ELV-9d81a18125,2026-01-25,Terminale D,Physique-Chimie,laboratory,auditif,bonne,38,2,3,0.2801,0.2185,0.2679,1,1,1,synthetic
ELV-9d81a18125,2026-01-28,Terminale D,SVT,exam,auditif,bonne,56,1,2,0.3682,0.2608,0.2833,4,0,1,synthetic
ELV-d4e731de92,2026-01-06,Terminale D,SVT,laboratory,pratique,bonne,32,2,0,0.9277,0.7202,0.8607,35,1,1,synthetic
ELV-d4e731de92,2026-01-12,Terminale D,Mathématiques,course,pratique,bonne,49,3,1,0.8738,0.6879,0.7907,6,1,0,synthetic
ELV-d4e731de92,2026-01-23,Terminale D,Physique-Chimie,laboratory,pratique,bonne,30,2,1,0.6534,0.6191,0.7165,8,0,0,synthetic
ELV-d4e731de92,2026-01-16,Terminale D,SVT,exam,pratique,bonne,19,1,1,1.0,0.8675,1.0,14,1,1,synthetic
ELV-d4e731de92,2026-02-02,Terminale D,Mathématiques,course,pratique,bonne,27,3,1,0.7379,0.6631,0.7763,11,1,0,synthetic
ELV-d4e731de92,2026-02-15,Terminale D,Physique-Chimie,exercise,pratique,bonne,24,2,1,0.941,0.7861,0.8962,5,1,0,synthetic
ELV-d4e731de92,2026-01-26,Terminale D,SVT,course,pratique,bonne,27,1,0,1.0,0.8233,0.9493,20,1,1,synthetic
ELV-d4e731de92,2026-01-30,Terminale D,Mathématiques,laboratory,pratique,bonne,37,3,2,0.7677,0.6528,0.7711,1,1,0,synthetic
ELV-0318e9a83b,2026-01-06,Terminale D,Mathématiques,laboratory,visuel,moyenne,23,2,2,0.4589,0.4689,0.5627,6,0,1,synthetic
ELV-0318e9a83b,2026-01-13,Terminale D,Physique-Chimie,course,visuel,moyenne,18,2,2,0.6381,0.5012,0.588,6,1,1,synthetic
ELV-0318e9a83b,2026-01-12,Terminale D,SVT,exercise,visuel,moyenne,18,1,1,0.6325,0.5669,0.6546,11,0,0,synthetic
ELV-0318e9a83b,2026-01-17,Terminale D,Mathématiques,course,visuel,moyenne,41,3,2,0.6117,0.4711,0.5232,1,1,1,synthetic
ELV-0318e9a83b,2026-02-06,Terminale D,Physique-Chimie,course,visuel,moyenne,19,3,1,0.6088,0.572,0.6697,1,1,0,synthetic
ELV-0318e9a83b,2026-02-09,Terminale D,SVT,laboratory,visuel,moyenne,21,2,1,0.6438,0.5427,0.6994,1,1,0,synthetic
ELV-0318e9a83b,2026-02-02,Terminale D,Mathématiques,course,visuel,moyenne,37,2,1,0.4911,0.4359,0.5556,5,0,1,synthetic
ELV-0318e9a83b,2026-02-20,Terminale D,Physique-Chimie,laboratory,visuel,moyenne,27,3,2,0.5877,0.5341,0.6171,3,1,0,synthetic
ELV-828fa76ab7,2026-01-09,Terminale C,Physique-Chimie,course,visuel,moyenne,33,3,1,0.5062,0.3924,0.4597,31,1,1,synthetic
ELV-828fa76ab7,2026-01-11,Terminale C,SVT,course,visuel,moyenne,36,1,3,0.568,0.53,0.6381,4,1,0,synthetic
ELV-828fa76ab7,2026-01-20,Terminale C,Mathématiques,course,visuel,moyenne,38,2,3,0.3683,0.3975,0.442,1,1,1,synthetic
ELV-828fa76ab7,2026-02-01,Terminale C,Physique-Chimie,exercise,visuel,moyenne,23,2,1,0.5963,0.4978,0.5829,8,1,1,synthetic
ELV-828fa76ab7,2026-02-04,Terminale C,SVT,exercise,visuel,moyenne,36,2,2,0.6148,0.4516,0.5172,3,1,1,synthetic
ELV-828fa76ab7,2026-01-31,Terminale C,Mathématiques,course,visuel,moyenne,45,4,3,0.2665,0.2916,0.3015,11,0,1,synthetic
ELV-828fa76ab7,2026-02-20,Terminale C,Physique-Chimie,exam,visuel,moyenne,20,2,2,0.2919,0.4545,0.5313,16,1,1,synthetic
ELV-828fa76ab7,2026-01-29,Terminale C,SVT,course,visuel,moyenne,36,1,2,0.4801,0.4643,0.5131,0,0,1,synthetic
ELV-696c52157c,2026-01-08,Terminale D,SVT,course,pratique,moyenne,19,2,1,0.7136,0.7784,0.8739,14,1,1,synthetic
ELV-696c52157c,2026-01-12,Terminale D,Mathématiques,course,pratique,moyenne,28,1,2,0.9352,0.8484,0.9356,5,1,0,synthetic
ELV-696c52157c,2026-01-21,Terminale D,Physique-Chimie,laboratory,pratique,moyenne,31,1,2,0.8277,0.6617,0.7496,27,1,1,synthetic
ELV-696c52157c,2026-01-14,Terminale D,SVT,course,pratique,moyenne,18,2,0,0.9592,0.7499,0.8816,0,1,0,synthetic
ELV-696c52157c,2026-01-17,Terminale D,Mathématiques,exam,pratique,moyenne,31,1,1,0.8079,0.6924,0.8069,8,1,0,synthetic
ELV-696c52157c,2026-01-26,Terminale D,Physique-Chimie,course,pratique,moyenne,22,1,1,0.9295,0.7428,0.8813,5,1,0,synthetic
ELV-696c52157c,2026-02-11,Terminale D,SVT,exercise,pratique,moyenne,31,3,0,0.8626,0.7582,0.9176,0,1,0,synthetic
ELV-696c52157c,2026-02-27,Terminale D,Mathématiques,course,pratique,moyenne,48,2,0,0.9903,0.7604,0.8854,3,1,0,synthetic
ELV-95166e6141,2026-01-09,3e,Mathématiques,exercise,pratique,faible,28,1,0,0.6356,0.5812,0.7003,7,0,0,synthetic
ELV-95166e6141,2026-01-14,3e,Physique-Chimie,exercise,pratique,faible,32,2,3,0.5555,0.4901,0.4919,20,1,1,synthetic
ELV-95166e6141,2026-01-15,3e,SVT,exercise,pratique,faible,18,3,2,0.5784,0.6099,0.6656,1,1,0,synthetic
ELV-95166e6141,2026-01-20,3e,Mathématiques,course,pratique,faible,15,1,2,0.6968,0.6456,0.7262,6,0,0,synthetic
ELV-95166e6141,2026-01-18,3e,Physique-Chimie,exercise,pratique,faible,24,2,1,0.788,0.663,0.8007,4,1,0,synthetic
ELV-95166e6141,2026-01-29,3e,SVT,course,pratique,faible,31,3,1,0.6793,0.6085,0.6939,2,1,0,synthetic
ELV-95166e6141,2026-02-01,3e,Mathématiques,course,pratique,faible,40,3,1,0.7429,0.6262,0.7394,1,1,0,synthetic
ELV-95166e6141,2026-03-06,3e,Physique-Chimie,exercise,pratique,faible,36,2,2,0.6003,0.544,0.6152,4,1,0,synthetic
ELV-0ffcff11ac,2026-01-08,3e,Physique-Chimie,course,visuel,bonne,46,4,3,0.4637,0.3225,0.3672,5,1,1,synthetic
ELV-0ffcff11ac,2026-01-14,3e,SVT,exam,visuel,bonne,45,4,1,0.7535,0.6139,0.6681,7,1,0,synthetic
ELV-0ffcff11ac,2026-01-19,3e,Mathématiques,exercise,visuel,bonne,44,3,3,0.5055,0.4229,0.4594,12,1,1,synthetic
ELV-0ffcff11ac,2026-01-29,3e,Physique-Chimie,laboratory,visuel,bonne,29,1,1,0.7053,0.6759,0.8481,4,0,0,synthetic
ELV-0ffcff11ac,2026-01-27,3e,SVT,course,visuel,bonne,23,2,1,0.5761,0.5883,0.6801,0,1,0,synthetic
ELV-0ffcff11ac,2026-02-03,3e,Mathématiques,exercise,visuel,bonne,56,3,2,0.5963,0.4528,0.5638,0,1,1,synthetic
ELV-0ffcff11ac,2026-01-25,3e,Physique-Chimie,course,visuel,bonne,22,3,3,0.5624,0.4431,0.47,18,1,1,synthetic
ELV-0ffcff11ac,2026-02-12,3e,SVT,exercise,visuel,bonne,22,1,0,0.9942,0.849,0.9873,7,1,0,synthetic
ELV-2defb46fcb,2026-01-09,Terminale D,SVT,course,visuel,faible,22,2,3,0.4635,0.4933,0.5652,16,1,1,synthetic
ELV-2defb46fcb,2026-01-10,Terminale D,Mathématiques,exercise,visuel,faible,31,1,3,0.4562,0.496,0.5327,2,1,1,synthetic
ELV-2defb46fcb,2026-01-21,Terminale D,Physique-Chimie,exercise,visuel,faible,31,2,1,0.5238,0.4879,0.5331,7,0,1,synthetic
ELV-2defb46fcb,2026-01-26,Terminale D,SVT,exercise,visuel,faible,24,4,2,0.4014,0.446,0.5195,2,1,1,synthetic
ELV-2defb46fcb,2026-01-29,Terminale D,Mathématiques,laboratory,visuel,faible,35,5,3,0.3184,0.3704,0.4404,9,0,1,synthetic
ELV-2defb46fcb,2026-02-06,Terminale D,Physique-Chimie,exercise,visuel,faible,47,3,2,0.457,0.3578,0.4354,5,0,1,synthetic
ELV-2defb46fcb,2026-01-24,Terminale D,SVT,exercise,visuel,faible,19,3,3,0.6218,0.6465,0.7075,7,0,0,synthetic
ELV-2defb46fcb,2026-02-23,Terminale D,Mathématiques,course,visuel,faible,28,2,2,0.5172,0.4541,0.5158,20,0,1,synthetic
ELV-c5f1e075b7,2026-01-07,Terminale D,Mathématiques,course,pratique,moyenne,35,2,1,1.0,1.0,1.0,8,1,0,synthetic
ELV-c5f1e075b7,2026-01-12,Terminale D,Physique-Chimie,laboratory,pratique,moyenne,30,1,0,1.0,0.8979,1.0,1,1,0,synthetic
ELV-c5f1e075b7,2026-01-12,Terminale D,SVT,exam,pratique,moyenne,26,1,1,1.0,0.9169,1.0,0,1,0,synthetic
ELV-c5f1e075b7,2026-01-19,Terminale D,Mathématiques,exercise,pratique,moyenne,29,1,2,1.0,0.9651,1.0,2,0,0,synthetic
ELV-c5f1e075b7,2026-02-06,Terminale D,Physique-Chimie,exercise,pratique,moyenne,35,1,0,0.9813,0.7727,0.8889,0,1,0,synthetic
ELV-c5f1e075b7,2026-01-26,Terminale D,SVT,course,pratique,moyenne,21,2,1,0.9269,0.8393,0.9543,2,0,0,synthetic
ELV-c5f1e075b7,2026-02-01,Terminale D,Mathématiques,laboratory,pratique,moyenne,14,1,1,0.799,0.7465,0.9043,1,1,0,synthetic
ELV-c5f1e075b7,2026-02-17,Terminale D,Physique-Chimie,exercise,pratique,moyenne,14,1,0,1.0,0.8571,0.9828,29,1,1,synthetic
ELV-068f6d647c,2026-01-09,3e,Physique-Chimie,exercise,pratique,bonne,42,4,2,0.1209,0.0987,0.1072,5,0,1,synthetic
ELV-068f6d647c,2026-01-12,3e,SVT,course,pratique,bonne,43,3,2,0.376,0.2576,0.3326,13,1,1,synthetic
ELV-068f6d647c,2026-01-17,3e,Mathématiques,course,pratique,bonne,45,4,2,0.4016,0.2724,0.3166,3,1,1,synthetic
ELV-068f6d647c,2026-01-27,3e,Physique-Chimie,exam,pratique,bonne,41,3,2,0.415,0.21,0.2344,0,1,1,synthetic
ELV-068f6d647c,2026-01-18,3e,SVT,laboratory,pratique,bonne,30,3,2,0.5842,0.3569,0.4541,0,1,1,synthetic
ELV-068f6d647c,2026-01-24,3e,Mathématiques,course,pratique,bonne,51,4,3,0.2627,0.1119,0.1139,3,0,1,synthetic
ELV-068f6d647c,2026-02-22,3e,Physique-Chimie,laboratory,pratique,bonne,35,3,3,0.2653,0.2158,0.2712,1,1,1,synthetic
ELV-068f6d647c,2026-01-26,3e,SVT,exercise,pratique,bonne,25,3,2,0.1716,0.111,0.1572,0,1,1,synthetic
ELV-f60064aaad,2026-01-09,Terminale D,SVT,exercise,visuel,bonne,26,1,1,0.8846,0.8279,0.9276,2,1,0,synthetic
ELV-f60064aaad,2026-01-13,Terminale D,Mathématiques,course,visuel,bonne,25,2,1,1.0,0.8571,1.0,4,0,0,synthetic
ELV-f60064aaad,2026-01-13,Terminale D,Physique-Chimie,course,visuel,bonne,23,1,1,1.0,0.8817,1.0,20,1,1,synthetic
ELV-f60064aaad,2026-01-29,Terminale D,SVT,exercise,visuel,bonne,17,1,1,1.0,0.9645,1.0,5,1,0,synthetic
ELV-f60064aaad,2026-02-03,Terminale D,Mathématiques,exam,visuel,bonne,36,1,1,1.0,0.9953,1.0,16,1,1,synthetic
ELV-f60064aaad,2026-02-16,Terminale D,Physique-Chimie,course,visuel,bonne,22,1,0,0.9844,0.8935,1.0,8,1,0,synthetic
ELV-f60064aaad,2026-02-04,Terminale D,SVT,course,visuel,bonne,27,1,0,1.0,0.9281,1.0,1,1,0,synthetic
ELV-f60064aaad,2026-02-27,Terminale D,Mathématiques,exam,visuel,bonne,31,2,1,1.0,0.919,1.0,35,1,1,synthetic
ELV-a503459ca0,2026-01-08,Terminale D,Mathématiques,course,auditif,moyenne,30,2,2,0.5918,0.3986,0.4981,0,1,1,synthetic
ELV-a503459ca0,2026-01-15,Terminale D,Physique-Chimie,laboratory,auditif,moyenne,43,1,2,0.4781,0.4838,0.5498,3,1,1,synthetic
ELV-a503459ca0,2026-01-19,Terminale D,SVT,exercise,auditif,moyenne,26,3,2,0.6723,0.6604,0.8098,14,0,1,synthetic
ELV-a503459ca0,2026-01-19,Terminale D,Mathématiques,exam,auditif,moyenne,27,1,1,0.6748,0.6451,0.7585,0,1,0,synthetic
ELV-a503459ca0,2026-01-28,Terminale D,Physique-Chimie,course,auditif,moyenne,20,2,3,0.5684,0.4557,0.5375,0,1,1,synthetic
ELV-a503459ca0,2026-01-23,Terminale D,SVT,exercise,auditif,moyenne,31,5,1,0.5864,0.4367,0.5465,7,1,1,synthetic
ELV-a503459ca0,2026-01-31,Terminale D,Mathématiques,exam,auditif,moyenne,29,3,2,0.587,0.5352,0.6352,23,1,1,synthetic
ELV-a503459ca0,2026-03-02,Terminale D,Physique-Chimie,course,auditif,moyenne,30,2,3,0.5299,0.4687,0.5312,3,0,1,synthetic
ELV-7a00bed7ce,2026-01-06,3e,Physique-Chimie,exam,pratique,faible,36,3,1,0.5373,0.5005,0.6094,23,1,1,synthetic
ELV-7a00bed7ce,2026-01-11,3e,SVT,exam,pratique,faible,26,3,1,0.5675,0.4973,0.6213,14,0,1,synthetic
ELV-7a00bed7ce,2026-01-17,3e,Mathématiques,course,pratique,faible,38,2,2,0.3792,0.3902,0.4598,0,1,1,synthetic
ELV-7a00bed7ce,2026-01-30,3e,Physique-Chimie,laboratory,pratique,faible,39,2,2,0.4892,0.4499,0.6056,8,1,1,synthetic
ELV-7a00bed7ce,2026-01-27,3e,SVT,course,pratique,faible,40,2,2,0.616,0.5814,0.6598,5,0,0,synthetic
ELV-7a00bed7ce,2026-02-13,3e,Mathématiques,exercise,pratique,faible,36,2,1,0.3905,0.3891,0.4797,8,1,1,synthetic
ELV-7a00bed7ce,2026-02-12,3e,Physique-Chimie,exercise,pratique,faible,21,3,1,0.4377,0.4418,0.5251,31,1,1,synthetic
ELV-7a00bed7ce,2026-02-25,3e,SVT,exercise,pratique,faible,34,3,2,0.416,0.4621,0.5118,7,0,1,synthetic
ELV-7a19510c77,2026-01-08,Terminale C,SVT,course,visuel,moyenne,40,2,1,0.9094,0.8608,0.9935,0,1,0,synthetic
ELV-7a19510c77,2026-01-15,Terminale C,Mathématiques,course,visuel,moyenne,23,2,1,0.6896,0.6682,0.7483,2,0,0,synthetic
ELV-7a19510c77,2026-01-16,Terminale C,Physique-Chimie,exam,visuel,moyenne,24,1,1,0.6158,0.7138,0.8091,3,1,0,synthetic
ELV-7a19510c77,2026-01-15,Terminale C,SVT,exercise,visuel,moyenne,23,2,2,0.7502,0.7522,0.8111,30,1,1,synthetic
ELV-7a19510c77,2026-02-03,Terminale C,Mathématiques,exercise,visuel,moyenne,34,2,0,1.0,0.8288,1.0,0,1,0,synthetic
ELV-7a19510c77,2026-02-03,Terminale C,Physique-Chimie,exercise,visuel,moyenne,38,1,1,0.8244,0.74,0.9041,19,0,1,synthetic
ELV-7a19510c77,2026-02-20,Terminale C,SVT,exercise,visuel,moyenne,26,1,2,0.8874,0.7544,0.9008,8,1,0,synthetic
ELV-7a19510c77,2026-03-02,Terminale C,Mathématiques,exam,visuel,moyenne,40,1,0,0.7767,0.7013,0.8455,8,0,0,synthetic
